121-01,91105,50,72,168,48,86,143,508,2685,381,762,1249,1668,3275,6260,11224,13809,10870,13373,3761,1283,310,106,147,19,0,478,1,5981,146,0,29,0,0,2486,301,6,0,0,0,0,0,29064,0,0,0,0,7,0,168,0,2728,0,0,1,0,1,0,0,507,15,0,0,0,0,0,0,0,0,0,16926,0,0,0,0,0,0,36,0,0,0,0,0,0,0,1,0,0,0,0,0,0,0,1130,0,0,0,0,0,14,0,0,0,1,0,0,41062,0,0,0,0,0,0,35,0,0,1442,0,0,1,0,0,22,6,0,0,0,46,0,0,2,10,0,0,16,135,0,0,6,22,3,1,20,47,0,52,51,17,7,0,35,0,5,1,34,659,19,39,16,28,1,82,68,13,23,0,12,6,9,0,3163,14,129,78,63,110,3638,1841,202,6372,5529,1402,1531,1037,4204,613,1932,635,838,78,91,93,78,15,0,47,15,25,347,21,34,0,14,19,1,21,15,14,11,6,0,0,22,0,0,18,9,0,0,16,7,69,15,0,7,21,39,0,12,0,7,18,7,4021,0,20,2,0,0,8,158,9,0,4,698,0,20,9,3,18,175,11,28,17,14,0
121-02,80767,46,95,141,72,96,162,519,2130,372,630,1145,1211,2495,5211,11853,14268,9655,13827,5706,3112,786,216,218,10,0,596,0,4481,165,0,7,0,0,2451,367,1,0,0,0,0,0,18809,0,0,0,0,5,0,141,0,1975,0,0,0,0,0,0,0,346,9,0,0,0,0,0,0,0,0,0,18330,0,0,0,0,0,0,23,0,0,0,0,0,0,0,4,0,0,0,0,0,0,0,1707,0,0,0,0,0,39,0,0,0,0,0,0,59381,0,0,0,0,0,0,66,0,0,3023,0,0,0,0,0,10,3,0,0,0,65,0,0,0,8,0,0,17,146,0,0,7,21,1,1,28,49,3,50,43,20,13,0,36,0,21,3,32,1234,18,30,24,40,3,86,68,10,29,0,13,7,10,0,4659,13,91,68,49,129,4481,2807,220,5003,6052,1976,1447,769,3044,478,1562,415,600,49,70,72,79,14,0,38,19,25,401,19,40,0,10,21,3,21,14,6,15,6,0,0,26,0,0,15,4,0,0,13,2,85,14,0,8,14,21,0,7,0,5,11,9,2512,0,23,1,0,0,11,154,4,0,1,420,0,16,13,1,4,118,7,33,17,28,0
121-03,96147,58,104,130,64,120,158,574,1965,445,667,1103,1063,2376,4691,9784,12801,10385,15833,7021,4213,877,212,168,39,0,476,0,2955,213,0,87,0,0,1795,345,5,0,0,0,0,0,23529,0,0,0,0,5,0,111,0,1775,0,0,0,0,0,0,0,341,9,0,0,0,0,0,0,0,0,0,18028,0,0,0,0,0,0,13,0,0,0,0,0,0,0,2,0,0,0,0,0,0,0,811,0,0,0,0,0,2,0,0,0,2,0,0,45037,0,0,0,0,0,1,28,0,0,1128,0,0,0,2,0,11,4,0,0,0,39,0,0,0,4,0,0,7,133,0,0,3,21,1,1,13,39,2,55,34,26,10,0,43,1,21,4,31,933,14,34,21,43,3,83,47,16,26,0,14,2,16,0,3761,11,103,66,46,205,4790,2875,194,4195,5665,2545,1606,728,2632,537,1338,411,619,45,65,82,85,8,0,44,25,18,526,14,43,0,6,19,1,33,12,6,12,3,0,0,22,0,0,10,12,0,0,11,1,68,12,0,11,21,21,0,9,0,3,15,5,3327,0,22,4,0,0,6,159,4,0,1,365,0,18,11,1,8,105,13,36,39,33,0
121-04,106927,103,110,193,85,138,206,662,2274,515,870,1429,1301,2958,5944,10958,14215,10731,14370,5430,2824,562,126,159,46,0,365,0,2830,153,0,43,0,0,1675,314,3,0,0,0,0,0,30961,0,0,0,0,1,0,55,1,1542,0,0,0,0,0,0,0,307,6,0,0,0,0,0,0,0,0,0,16263,0,0,0,0,0,0,12,0,0,0,0,0,0,0,1,0,0,0,0,0,0,0,355,0,0,0,0,0,5,0,0,0,0,0,0,30694,0,0,0,0,0,0,18,0,0,505,0,0,0,0,0,6,1,0,0,0,27,0,0,0,2,0,0,7,145,0,0,1,7,0,0,9,42,0,61,37,15,12,0,31,0,12,0,40,562,11,30,18,26,1,93,60,15,10,0,11,1,12,0,2647,14,73,40,35,165,2844,1677,156,3472,6160,2539,1770,764,3608,861,2062,701,1076,92,102,138,87,19,0,48,29,27,408,19,53,0,8,22,5,25,10,19,12,2,0,0,26,0,0,12,14,0,0,11,7,67,12,0,8,20,22,0,9,1,2,14,8,3791,0,23,1,0,0,9,167,5,0,1,310,0,23,17,1,7,191,3,20,16,43,0
121-05,2484,38,104,112,79,103,182,573,1146,370,653,881,1202,2067,3784,5378,11388,9375,14224,7796,6837,3208,1177,322,75,10,111,4,1716,40,0,9,0,0,323,81,2,0,0,0,0,0,1458,0,0,0,0,4,0,47,0,253,0,0,0,0,2,0,0,98,17,0,0,0,0,0,0,0,0,0,469,0,1,0,0,0,0,9,0,0,0,0,0,0,0,0,0,0,0,0,0,0,0,152,0,0,0,0,0,44,0,0,0,19,3,0,975,0,0,0,0,0,154,1350,0,0,1123,0,0,319,1993,0,5677,5668,96,1,0,20345,0,0,1421,37008,0,0,34121,29988,0,3,1085,24101,44,42,3088,6561,45,634,8656,3997,99,1,3499,13,81,20,1359,349,268,882,56,146,14,166,147,44,52,18,41,49,36,2,762,54,1507,896,1206,254,14304,7744,553,2651,468,125,99,9,51,0,33,42,68,0,4,16,24,0,0,11,11,6,193,8,27,0,3,5,1,12,6,9,11,0,0,0,21,0,0,4,14,0,0,13,0,39,1,0,10,9,12,0,4,0,1,14,14,1011,0,14,0,0,0,4,66,2,0,0,216,0,12,17,1,1,76,28,84,35,37,0
121-06,2668,47,100,89,68,160,143,568,1260,357,686,959,1079,1891,3811,5849,11542,9574,14029,7173,5987,2575,732,214,57,8,114,1,1927,64,0,23,0,0,309,55,4,0,0,0,0,0,1495,0,0,0,0,5,0,24,1,173,0,0,0,0,1,0,0,86,4,0,0,0,0,0,0,0,0,0,503,0,0,0,0,0,0,23,0,0,0,0,0,0,0,2,0,0,0,0,0,0,0,259,0,0,0,0,0,60,0,0,0,25,4,0,1075,0,0,0,0,0,545,3033,0,0,1444,0,0,190,3000,0,21958,15143,8,0,0,15498,0,0,106,29707,0,0,8573,46314,0,3,169,12288,25,51,531,18993,51,2296,9536,1036,64,0,1326,6,43,18,2854,359,53,789,40,66,12,295,313,43,48,7,42,24,16,1,985,24,835,356,491,351,13394,7073,535,3820,733,306,274,47,152,2,58,35,72,0,8,14,19,3,0,13,6,7,291,6,27,0,4,10,0,11,7,6,8,1,0,0,23,0,0,7,7,0,0,5,0,53,4,0,11,15,18,0,2,0,4,9,10,1508,0,6,0,0,0,6,87,0,0,0,334,0,13,12,1,10,113,25,85,44,24,0
121-07,2698,40,95,122,62,155,171,566,1385,340,707,952,1072,1731,3582,5463,10476,9207,14578,7942,6971,3262,911,251,58,3,123,3,1881,51,1,29,0,0,362,33,4,0,0,0,0,0,1584,0,0,0,0,6,0,19,0,188,0,0,0,0,1,0,0,77,12,0,0,0,0,0,0,0,0,0,452,0,0,0,0,0,0,23,0,0,0,0,0,0,0,1,0,0,0,0,0,0,0,217,0,0,0,0,0,72,0,0,0,29,10,0,984,0,0,0,0,0,628,2941,0,0,1474,0,0,236,2962,0,21814,14711,4,0,0,15009,0,1,116,29209,1,1,9237,44321,1,4,211,12960,38,25,817,17282,48,2539,9331,1229,93,2,1752,13,49,28,2792,431,116,819,71,89,7,367,336,44,47,13,23,40,28,1,1161,31,809,565,768,364,13800,7413,725,3341,656,255,213,40,113,4,51,91,53,0,10,20,25,1,0,22,5,7,490,7,30,0,4,11,4,17,8,7,8,0,0,0,19,0,0,5,6,0,0,11,0,68,6,0,7,7,9,0,3,0,4,15,3,1838,0,12,0,0,0,17,91,2,0,0,356,0,9,11,1,7,107,29,79,56,20,0
121-08,3498,42,59,102,43,104,125,486,1174,331,642,873,899,1495,2709,4849,9670,8880,14861,9408,8349,4136,1227,312,68,1,188,0,2799,61,0,17,0,0,739,66,2,0,0,0,0,0,3504,0,0,0,0,5,0,37,1,330,0,0,1,0,1,0,0,58,3,0,0,0,0,0,0,0,0,0,518,0,1,0,0,0,0,14,0,0,0,0,0,0,0,3,0,0,0,0,0,0,0,243,0,0,0,0,0,149,0,0,0,59,37,0,832,0,0,0,0,0,1929,6519,0,0,1485,0,1,248,4395,0,36244,25254,11,0,0,16780,0,0,82,21019,1,0,3763,36672,0,4,118,6059,44,46,279,15859,32,2397,5860,373,56,5,662,18,48,25,2219,296,70,351,60,56,5,273,277,46,48,12,34,30,26,1,1366,36,861,530,710,479,12925,7326,692,3389,631,348,276,38,137,3,45,68,87,0,15,10,24,0,0,14,15,3,381,8,26,0,3,8,0,20,9,5,11,0,0,0,19,0,0,1,7,0,0,3,0,57,4,0,10,13,16,0,4,0,0,9,11,1888,0,13,0,0,0,8,58,1,0,0,267,0,16,9,0,0,53,12,62,36,21,0
121-09,5338,34,75,111,57,113,139,506,1337,331,669,1091,1171,2002,3253,5071,8532,8084,15124,9816,8074,3753,1007,234,38,1,225,0,3312,60,0,13,0,0,831,108,2,0,0,0,0,0,5220,0,0,0,0,3,0,16,0,534,0,0,0,0,0,0,0,62,3,0,0,0,0,0,0,0,0,0,571,0,0,0,0,0,0,14,0,0,0,0,0,0,0,1,0,0,0,0,0,0,0,160,0,0,0,0,0,74,0,0,0,23,9,0,1022,0,0,0,0,0,778,3339,0,0,1377,0,0,151,2630,0,23806,14864,2,0,0,14962,0,0,105,24925,0,2,7023,42181,2,10,204,11222,43,53,499,16230,38,2005,8614,952,73,1,1579,12,51,28,2552,509,83,884,40,92,4,325,484,43,56,9,32,31,23,3,1927,16,496,680,744,522,12077,7226,1169,4526,658,470,379,45,196,7,55,122,74,0,9,13,21,1,0,31,7,12,630,5,26,0,5,10,1,17,12,6,9,6,0,0,14,0,0,10,3,0,0,6,2,92,6,0,3,12,12,0,6,0,2,16,5,2957,0,17,2,0,0,9,72,7,0,1,375,0,10,9,2,5,74,21,33,36,16,0
121-10,7252,19,38,61,25,60,92,338,889,238,476,779,880,1252,2094,3214,6409,6856,13463,10102,10347,6363,2313,670,108,3,267,0,3318,131,0,23,0,0,1172,179,7,0,0,0,0,0,8056,0,0,1,0,14,0,76,4,1294,0,0,1,0,2,0,0,235,15,0,0,0,0,0,0,0,0,0,1560,0,1,0,0,0,0,24,0,0,0,0,0,0,0,1,0,0,0,0,0,0,0,273,0,0,0,0,0,71,0,0,0,21,7,0,2008,0,0,0,0,0,152,995,0,0,883,0,0,361,1578,0,2730,3051,345,1,0,23645,0,5,8440,19159,1,1,58068,10659,2,23,8529,10778,312,79,11187,1395,79,290,3247,6459,142,4,3142,11,83,25,330,981,434,293,69,84,15,358,233,30,52,16,40,42,42,6,2440,47,746,1714,1861,543,10918,7412,1463,2719,424,312,171,24,156,3,60,153,77,0,13,12,20,3,0,19,6,15,667,6,21,0,9,10,4,22,9,4,4,1,1,0,16,0,0,8,6,1,0,5,0,108,8,0,7,6,11,0,7,1,5,9,3,2430,0,12,0,0,0,2,56,2,0,1,273,0,7,8,0,3,54,10,35,22,7,0
121-11,2398,41,98,123,61,136,172,553,1504,387,673,929,941,1803,3412,5990,10616,9203,14242,8038,6623,3227,909,260,63,18,120,3,1924,68,0,20,0,0,405,92,0,0,0,0,0,0,1380,0,0,0,0,9,0,72,0,252,0,0,0,0,0,0,0,141,18,0,0,0,0,0,0,0,0,0,916,0,1,0,0,0,0,33,0,0,0,0,0,0,0,5,0,0,0,0,0,0,0,358,0,0,0,0,0,102,0,0,0,49,15,0,1558,0,0,0,0,0,1842,9027,0,0,2245,0,0,49,1531,0,45995,15795,0,0,0,30927,0,1,22,8689,0,0,1148,33690,0,1,48,3471,17,15,119,23925,27,5938,4772,220,53,0,404,14,55,16,2896,613,40,292,35,57,6,697,494,39,45,5,21,32,17,1,733,27,496,249,271,314,12801,6750,545,4552,1212,402,313,85,226,8,100,50,97,0,11,21,23,0,0,15,11,5,184,13,20,0,4,9,0,20,12,6,10,2,0,0,13,0,0,5,7,0,0,8,0,50,7,0,13,15,21,0,2,0,1,13,14,1386,0,11,0,0,0,8,120,4,0,0,301,0,14,13,0,8,113,20,74,31,24,0
121-12,2630,69,131,151,118,178,173,613,1191,505,1014,1574,2003,2729,4372,5350,10029,7723,12435,7248,6644,3339,930,297,84,34,142,4,1813,77,1,28,0,0,421,104,4,0,0,0,0,0,1893,0,0,0,0,10,0,42,1,271,0,0,0,0,1,0,0,206,20,0,0,0,0,0,0,0,0,0,928,0,7,0,0,0,0,30,0,0,0,0,0,0,0,5,0,0,0,0,0,0,0,368,0,0,0,0,0,94,0,0,0,35,7,0,1462,0,0,0,0,0,921,3687,0,0,1829,0,0,258,3898,0,26683,19473,3,0,0,16549,0,0,103,28492,0,0,7294,42913,0,2,138,10037,30,20,454,17538,22,2859,7692,775,68,1,1063,8,40,15,2742,402,62,594,54,60,10,286,345,40,43,10,24,41,33,1,723,18,1017,567,724,249,12988,7233,391,2848,615,209,145,32,88,2,54,30,84,0,7,10,29,2,0,11,14,3,145,6,17,0,1,9,0,12,8,10,13,1,0,0,16,0,0,4,10,0,0,13,1,42,4,0,8,17,16,0,5,0,1,13,7,984,0,11,0,0,0,8,58,0,0,2,197,0,14,21,0,2,75,25,64,61,56,0
121-13,39191,18,64,81,50,62,57,238,1497,136,266,671,596,1321,1735,3662,6700,4579,13577,7434,9675,7538,4841,2951,1345,563,907,144,6611,478,27,213,0,2,2368,750,55,2,0,0,1,0,31274,0,0,1,0,129,1,698,25,5242,0,1,6,0,35,0,0,4077,251,0,0,4,0,0,0,7,0,0,29922,0,35,2,0,0,0,641,0,1,0,0,0,0,0,28,0,0,0,0,0,0,0,4933,0,0,0,0,0,238,0,0,0,4,0,0,33190,0,0,0,0,0,0,251,0,0,5412,0,0,0,1,0,1,3,0,0,0,72,0,0,0,0,0,0,0,1019,0,0,0,2,0,0,1,20,0,202,23,2,0,0,18,0,4,0,68,7526,6,56,3,38,0,1863,643,21,21,0,1,7,4,0,14503,0,38,63,12,2595,684,6459,8079,41,131,1191,405,1,1954,3,74,3314,3111,0,3,168,21,1,0,233,13,1,4829,2,256,0,0,2,0,339,0,22,3,0,0,0,24,0,0,0,0,0,0,0,0,639,0,0,0,0,66,0,0,0,0,9,0,8094,0,0,0,0,0,2,155,0,0,0,1125,0,4,7,2,2,63,1,5,10,2,0
121-14,73144,0,137,575,1,0,860,3186,4355,0,21,8435,2,152,546,8217,26,0,15834,4369,93,117,808,3221,78,0,4294,0,12359,1279,0,95,0,0,3914,703,0,0,0,0,0,0,22906,0,0,0,0,5,0,123,0,2111,0,3,0,0,2,0,0,1426,81,0,0,0,0,0,0,1,0,0,12548,0,39,0,0,0,0,663,0,5,0,0,0,0,0,160,0,0,0,2,0,0,0,4180,0,0,1,0,0,828,0,0,0,78,4,0,33535,0,0,0,0,0,13,2018,0,0,9771,0,0,0,1,0,145,16,0,0,0,1122,0,0,0,1,0,0,0,5332,0,0,0,3,0,0,0,185,0,610,19,0,0,0,0,0,0,0,26,12678,0,0,0,0,0,1125,29,0,0,0,0,0,0,0,15911,0,0,0,0,1,0,26,1188,0,0,0,0,0,0,0,0,554,12,0,0,0,0,0,0,0,0,0,6918,0,3,0,0,0,0,90,0,0,0,0,0,0,4,0,0,0,0,0,0,0,0,981,0,0,0,0,41,0,0,0,0,1,0,20116,0,0,0,0,0,0,120,0,0,0,2457,0,0,12,0,0,148,0,1,0,0,0
122-01,5916,43,124,218,119,241,245,1169,2404,666,1520,3708,2901,5283,7999,11125,12004,8737,17942,4665,1860,1404,1152,2022,606,30,3633,24,5416,1714,13,341,0,2,4824,1646,53,1,1,0,3,0,6725,0,1,9,12,32,9,315,6,2279,17,24,18,57,29,37,57,256,50,5,11,12,1,11,4,3,7,0,1173,2,4,3,0,5,0,27,2,1,0,3,2,0,0,5,0,0,1,3,0,0,1,216,0,0,6,0,2,83,0,0,0,32,8,0,1597,0,0,0,0,0,225,1905,0,0,1121,0,0,113,1224,0,11771,5318,24,0,0,17179,0,0,280,23829,0,0,14268,32702,0,0,394,15091,73,10,2003,17113,26,2961,11189,4060,687,0,5162,0,420,1,2625,973,503,1407,62,148,0,411,234,6,0,0,0,0,0,0,1454,0,0,0,0,8,1,44,191,0,0,0,0,0,0,0,0,105,11,0,0,0,0,0,0,1,0,0,742,0,5,0,0,0,0,14,0,0,0,0,0,0,6,0,0,0,0,0,0,0,0,156,0,0,1,0,24,0,0,0,0,2,1,2978,0,0,0,0,0,9,141,0,0,0,669,0,3,5,1,1,128,3,11,22,8,0
122-02,4015,65,211,379,204,297,474,1571,3348,919,1961,4413,3673,6301,9496,13832,14142,9412,14861,3563,1507,1212,1064,1630,768,56,2591,74,5273,1440,38,531,0,10,3599,1197,83,3,0,2,1,0,6029,0,0,0,0,44,0,272,7,1728,0,0,0,0,3,0,0,253,36,0,0,0,0,0,0,0,0,0,1352,0,2,0,0,0,0,26,0,0,0,0,0,0,0,8,0,0,0,0,0,0,0,478,0,0,0,0,0,161,0,0,0,49,6,0,2018,0,0,0,0,0,612,7267,0,0,3354,0,0,43,925,0,26377,8518,1,0,0,31028,0,1,8,6844,0,0,805,32167,0,0,96,3505,18,4,560,23939,6,8161,7788,1537,47,0,2555,0,64,0,4971,1293,486,1144,18,87,0,1089,823,1,0,0,0,0,0,0,636,0,0,0,0,6,0,52,128,0,0,0,0,0,0,0,0,30,4,0,0,0,0,0,0,0,0,0,241,0,0,0,0,0,0,6,0,0,0,0,0,0,0,0,0,0,0,0,0,0,0,80,0,0,0,0,15,0,0,0,0,0,0,2090,0,0,0,0,0,3,132,0,0,0,585,0,2,10,0,3,250,7,34,40,16,0
122-03,4247,61,202,345,189,318,399,1558,3587,714,1664,3938,3009,5511,7637,11827,14152,11268,18633,5512,2291,1644,1129,1663,911,20,2455,83,5464,1550,51,603,3,20,3662,1175,76,1,0,0,1,0,6280,0,0,4,0,55,0,308,4,1873,0,0,2,0,4,0,0,259,32,0,0,0,0,0,0,0,0,0,1219,0,2,0,0,0,0,28,0,0,0,0,0,0,0,3,0,0,0,0,0,0,0,337,0,0,0,0,0,115,0,0,0,35,10,0,1693,0,0,0,0,0,404,5029,0,0,2439,0,0,41,968,0,24601,7968,0,0,0,24957,0,0,10,7832,0,0,1051,34439,0,0,100,4863,12,4,717,27043,10,7054,8991,1867,80,1,3000,1,90,2,4954,1274,524,1220,45,138,0,868,867,10,2,0,0,0,0,0,700,0,2,2,0,26,1,61,132,0,0,0,0,0,5,0,0,33,10,0,0,0,0,0,0,0,0,0,158,0,7,0,0,0,0,8,0,1,0,0,0,0,4,0,0,0,0,0,0,0,0,61,0,0,0,0,13,0,0,0,0,8,0,1610,0,0,0,0,0,2,161,0,0,0,597,0,2,10,0,0,228,2,16,16,12,0
122-04,4774,70,197,363,205,303,391,1470,3106,586,1481,3667,2614,4435,6897,10234,14632,10807,19172,6556,3615,1884,1115,1546,736,23,2325,57,4600,1394,41,561,2,18,3360,1075,114,4,1,2,1,0,5756,0,0,4,0,69,0,277,11,1713,0,0,0,0,4,0,0,324,46,0,0,0,0,0,0,0,0,0,1304,0,5,0,0,0,0,39,0,0,0,0,0,0,0,4,0,0,0,0,0,0,0,257,0,0,0,0,0,88,0,0,0,16,3,0,1495,0,0,0,0,0,93,859,0,0,995,0,1,63,457,0,1897,1422,142,0,0,10306,0,0,6161,12000,0,0,54414,11910,0,1,9114,16753,347,88,15627,3272,327,791,6600,11399,1358,0,6400,1,499,11,643,687,1233,652,115,232,4,256,102,23,9,0,1,0,1,0,526,0,0,4,0,13,3,40,113,0,0,0,0,0,1,0,0,49,11,0,0,1,0,0,0,2,0,0,293,0,3,0,0,0,0,11,0,1,0,0,0,0,3,0,0,0,0,0,0,0,0,85,0,0,0,0,21,0,0,0,0,2,0,1797,0,0,0,0,0,1,196,0,0,0,616,0,0,10,0,2,194,4,33,31,19,0
122-05,3695,134,284,437,227,346,429,1669,3526,1198,2430,4852,4391,7417,11589,15597,13170,7730,12783,2842,1570,1661,1113,1771,951,30,2413,77,4110,1510,53,544,5,15,3469,989,79,3,0,0,1,0,5096,0,0,0,0,46,0,278,8,1702,0,0,0,0,7,0,0,337,47,0,0,0,0,0,0,0,0,0,1380,0,6,0,0,0,0,51,0,0,0,0,0,0,0,11,0,0,0,0,0,0,0,552,0,0,0,0,0,267,0,0,0,97,26,0,1489,0,0,0,0,0,2061,12912,0,0,2769,0,0,105,2034,0,42106,15903,1,0,0,29898,0,0,6,5711,0,0,735,24354,0,0,148,2655,6,0,773,18044,1,4449,5335,1313,23,0,1261,0,16,0,3057,759,84,398,8,23,1,558,353,7,8,0,0,9,1,0,374,0,6,0,1,10,6,45,92,0,0,5,0,0,5,0,0,37,12,0,0,2,0,0,0,1,0,0,134,0,5,0,0,0,0,12,0,2,0,0,0,0,4,0,0,0,0,0,0,0,0,60,0,0,0,0,25,0,0,0,0,1,0,928,0,0,0,0,0,3,151,0,0,0,510,0,5,17,0,1,203,9,42,58,39,0
122-06,4115,120,310,430,214,273,439,1811,4130,975,1893,4782,3617,5638,9139,13336,13453,9757,17052,4579,2285,1514,963,1503,777,54,2040,64,3250,1019,41,393,0,19,2608,789,66,5,0,0,1,0,4597,0,0,2,0,36,0,182,7,1283,0,0,0,0,5,0,0,179,33,0,0,0,0,0,0,1,0,0,784,0,1,0,0,0,0,31,0,0,0,0,0,0,0,4,0,0,0,0,0,0,0,254,0,0,0,0,0,70,0,0,0,14,2,0,941,0,0,0,0,0,121,1017,0,0,843,0,0,85,632,0,2482,1989,110,0,0,11640,0,0,4389,15900,0,0,57889,11724,0,3,6900,18452,286,87,14948,2661,173,667,5563,11940,1160,0,6142,7,344,14,553,519,1335,591,93,209,1,298,122,25,10,0,0,0,0,0,379,0,0,0,0,12,4,40,113,0,0,1,2,0,4,0,0,45,14,0,0,0,0,0,0,1,0,0,176,0,3,0,0,0,0,13,0,0,0,0,0,0,2,0,0,0,0,0,0,0,0,66,0,0,0,0,24,0,0,0,0,2,0,1134,0,0,0,0,0,9,235,0,0,0,665,0,9,22,2,5,273,5,52,56,28,0
122-07,3914,90,232,472,205,307,413,1842,4747,783,1819,4683,2979,4888,7493,12356,13317,9802,19356,6848,3681,1693,921,1415,491,46,1748,41,3590,744,11,225,0,5,2180,608,42,0,0,0,0,0,3757,0,0,1,0,22,0,125,3,858,0,0,0,0,0,0,0,138,17,0,0,0,0,0,0,0,0,0,724,0,0,0,0,0,0,15,0,0,0,0,0,0,0,0,0,0,0,0,0,0,0,254,0,0,0,0,0,39,0,0,0,9,2,0,1217,0,0,0,0,0,109,1167,0,0,1333,0,0,26,364,0,4861,2222,15,0,0,8972,0,0,352,20449,0,0,27130,29302,0,2,771,30651,112,38,4635,9838,67,1420,12473,8905,859,0,8168,12,477,8,1610,803,1218,1838,86,455,0,336,219,31,9,0,0,1,0,0,603,0,0,1,0,29,5,59,160,0,0,1,1,0,8,0,0,80,21,0,0,0,0,0,0,1,0,0,379,0,5,0,0,0,0,20,0,0,0,0,0,0,3,0,0,0,0,0,0,0,0,155,0,0,0,0,21,0,0,0,0,6,0,1473,0,0,0,0,0,6,241,0,0,0,982,0,0,7,0,4,303,15,44,43,12,0
122-08,3318,112,241,341,172,270,334,1360,3444,735,1807,4014,2997,5039,7467,12816,13157,10484,19057,6507,3357,1979,1359,1875,762,70,2125,20,4006,1276,11,410,0,2,2524,918,45,1,0,0,0,0,3777,0,0,0,0,62,0,242,8,1158,0,0,0,0,0,0,0,180,25,0,0,0,0,0,0,0,0,0,885,0,2,0,0,0,0,24,0,0,0,0,0,0,0,6,0,0,0,0,0,0,0,256,0,0,0,0,0,77,0,0,0,14,1,0,1345,0,0,0,0,0,117,1587,0,0,1513,0,0,23,461,0,6336,2809,8,0,0,9489,0,0,264,22277,0,0,25963,30329,0,2,952,28401,160,65,4867,9668,112,1356,11336,8377,794,0,7516,3,295,5,1375,619,1081,1520,43,270,0,265,183,5,0,0,0,0,0,0,571,0,0,0,0,10,0,30,98,0,0,0,0,0,0,0,0,55,6,0,0,0,0,0,0,0,0,0,408,0,0,0,0,0,0,9,0,0,0,0,0,0,1,0,0,0,0,0,0,0,0,109,0,0,0,0,12,0,0,0,0,2,0,1799,0,0,0,0,0,1,154,0,0,0,746,0,0,3,0,4,157,12,42,39,12,0
122-09,2871,85,162,251,154,227,275,1214,2862,492,1297,3454,2483,4334,6394,11402,12689,10277,21087,8655,5019,2847,1579,2228,863,67,2370,19,4456,1537,5,440,0,2,2881,985,78,2,0,0,0,0,4574,0,0,0,0,30,0,199,7,1386,0,0,1,0,2,0,0,184,15,0,0,0,0,0,0,0,0,0,972,0,2,0,0,0,0,20,0,1,0,0,0,0,0,1,0,0,0,0,0,0,0,272,0,0,0,0,0,53,0,0,0,17,0,0,1698,0,0,0,0,0,210,3268,0,0,2270,0,0,18,546,0,15339,5245,0,0,0,13556,0,0,26,15207,0,0,4809,44815,1,1,320,14685,66,23,1367,22946,34,3340,14245,2522,186,0,4366,8,98,12,3709,866,407,2126,34,224,0,395,388,17,7,0,0,0,0,0,689,0,1,3,0,20,3,72,89,0,0,1,0,0,6,0,0,50,17,0,0,1,0,0,0,2,0,0,244,0,7,0,0,0,0,14,0,0,0,0,0,0,1,0,0,0,0,0,0,0,0,103,0,0,0,0,16,0,0,0,0,1,0,1724,0,0,0,0,0,1,115,0,0,0,620,0,0,4,0,1,121,6,25,52,12,0
122-10,6395,63,117,189,106,172,243,1214,2844,724,1690,3859,2449,4338,6059,9568,12416,9884,19254,7187,4289,2163,1131,1452,541,1,2086,7,4864,1243,2,392,0,0,3308,1037,57,2,0,0,0,0,5859,0,0,1,0,31,1,212,18,1463,0,0,1,0,4,0,0,183,23,0,0,0,0,0,0,0,0,0,971,0,1,0,0,0,0,20,0,0,0,0,0,0,0,1,0,0,0,0,0,0,0,177,0,0,0,0,0,38,0,0,0,4,0,0,1382,0,0,0,0,0,27,617,0,0,839,0,0,8,126,0,1437,667,29,0,0,4020,0,0,3630,4764,0,0,33570,13381,0,5,28497,6814,2422,360,34736,2465,1622,567,11860,9363,2916,0,7349,12,1393,24,243,906,1522,226,375,178,0,354,144,30,1,0,0,0,0,0,2029,0,0,0,0,8,0,69,410,0,0,1,0,0,0,0,0,155,21,0,0,0,0,0,0,0,0,0,989,0,3,0,0,0,0,13,0,0,0,0,0,0,0,0,0,0,0,0,0,0,0,156,0,0,0,0,10,0,0,0,0,4,0,3230,0,0,0,0,0,1,88,0,0,0,567,0,0,6,0,2,137,6,14,40,6,0
122-11,4462,101,257,487,238,278,447,1783,4160,815,1833,4495,2942,5089,8050,12136,13745,9133,17616,6176,3668,1968,1100,1556,716,24,2094,77,4259,1091,38,397,2,12,2915,838,65,4,2,0,0,0,5402,0,0,1,0,42,0,244,18,1251,0,0,1,0,5,0,0,230,26,0,0,0,0,0,0,0,0,0,830,0,3,0,0,0,0,38,0,1,0,0,0,0,0,6,0,0,0,0,0,0,0,263,0,0,0,0,0,81,0,0,0,7,2,0,1034,0,0,0,0,0,80,1065,0,0,959,0,0,75,501,0,2543,1885,116,0,0,11876,0,0,3854,16988,0,0,54748,12749,0,2,5657,19381,248,59,13142,3171,106,597,6432,10871,909,0,6642,2,346,12,594,448,1232,822,95,243,0,220,104,25,7,0,0,0,0,0,417,0,3,1,0,13,4,63,102,0,0,0,0,0,2,0,0,38,11,0,0,0,0,0,0,0,0,0,218,0,3,0,0,0,0,11,0,0,0,0,0,0,2,0,0,0,0,0,0,0,0,85,0,0,0,0,25,0,0,0,0,4,0,1375,0,0,0,0,0,5,239,0,0,0,688,0,7,21,1,6,320,16,86,55,19,0
122-12,3958,168,300,518,280,346,316,1215,2974,989,1802,4007,3255,4630,7297,9839,13455,8496,16663,6452,4254,2546,1330,1811,942,68,2581,107,4270,1595,90,660,2,16,3394,1236,179,18,1,4,11,0,6657,0,3,6,0,90,0,365,21,2238,0,0,1,0,12,0,0,354,63,0,0,0,0,0,0,1,0,0,1349,0,9,0,0,0,0,71,0,0,0,0,0,0,0,8,0,0,0,0,0,0,0,345,0,1,0,0,0,128,0,0,0,33,7,0,1046,0,0,0,0,0,163,1181,0,0,913,0,3,307,921,0,1261,1402,909,8,0,19071,0,3,23998,4642,1,0,42712,21004,0,17,22440,2184,3164,469,15561,1581,876,244,4622,4249,1018,0,2619,0,312,5,162,375,381,111,64,54,0,133,76,14,6,0,0,3,0,0,345,0,2,3,0,6,2,35,71,0,0,0,0,0,1,0,0,35,7,0,0,0,0,0,0,0,0,0,144,0,0,0,0,0,0,5,0,0,0,0,0,0,1,0,0,0,0,0,0,0,0,46,0,0,0,0,4,0,0,0,0,1,0,1329,0,0,0,0,0,4,105,2,0,1,430,0,17,24,7,12,196,34,86,70,53,0
122-13,37289,12,48,90,52,109,117,420,2107,156,330,1120,494,1219,1796,4540,6726,5198,18435,8308,11762,8952,5921,4869,3005,548,4171,437,8612,4016,391,2867,0,102,6607,3295,1387,190,5,2,78,0,35843,0,16,287,1,392,46,1630,197,7566,2,8,58,0,76,0,0,4232,454,2,0,2,0,0,0,10,1,0,29553,0,51,2,0,0,0,518,0,9,0,0,0,0,0,23,0,0,0,6,0,0,1,3874,0,0,0,0,0,146,0,0,0,3,0,0,35617,0,0,0,0,0,1,190,0,0,4993,0,0,0,0,0,5,0,0,0,0,78,0,0,0,0,0,0,0,1235,0,0,0,1,0,0,0,21,0,104,9,2,0,0,5,0,0,0,25,7600,0,9,0,2,0,548,56,0,4,0,2,5,2,0,8706,0,10,6,4,9,7,57,634,0,3,4,2,0,7,0,1,100,19,0,0,1,0,0,0,1,0,0,1099,0,8,0,0,0,0,17,0,3,0,0,0,0,5,0,0,0,0,0,0,0,0,101,0,0,0,0,20,0,0,0,0,4,0,4416,0,0,0,0,0,2,92,0,0,0,476,0,1,2,0,2,70,1,2,2,0,0
122-14,64367,0,189,481,19,0,948,3375,3566,0,193,7022,27,1010,2124,8024,485,97,14934,4985,821,855,1848,2546,429,0,3042,0,13887,1106,0,142,0,0,6224,1160,11,0,0,0,0,0,40457,0,0,3,0,111,0,633,21,4700,0,10,4,0,68,0,0,2418,308,0,0,3,0,0,0,10,0,0,13295,0,100,0,0,0,0,661,0,9,0,0,0,0,0,150,0,0,0,0,0,0,0,3092,0,0,0,0,0,369,0,0,0,19,0,0,26543,0,0,0,0,0,3,871,0,0,5964,0,0,0,0,0,59,1,0,0,0,518,0,0,0,0,0,0,0,2797,0,0,1,2,0,0,0,77,0,361,7,0,0,0,0,0,0,0,18,10010,0,2,0,0,0,1155,36,0,0,0,0,0,0,0,16424,0,0,0,0,1,0,53,1601,0,0,0,0,0,0,0,0,819,29,0,0,0,0,0,0,0,0,0,7901,0,4,0,0,0,0,116,0,0,0,0,0,0,7,0,0,0,0,0,0,0,0,1030,0,0,0,0,43,0,0,0,0,0,0,18141,0,0,0,0,0,0,90,0,0,0,2016,0,5,9,0,0,126,0,2,0,0,0
123-01,67354,309,1234,2332,618,746,2156,6159,9519,2484,4224,8904,4145,6808,7411,15190,10270,5277,15607,2093,344,174,264,756,48,5,2613,1,9551,285,0,21,0,0,7019,1027,0,0,0,0,0,0,17066,0,0,0,0,1,0,145,0,2569,0,0,0,0,1,0,0,330,6,0,0,0,0,0,0,0,0,0,9355,0,1,1,0,0,0,24,0,0,0,0,0,0,0,0,0,0,0,0,0,0,0,1335,0,0,0,0,0,45,0,0,0,0,0,0,57418,0,0,0,0,0,0,65,0,0,6013,0,0,0,0,0,1,1,0,0,0,10,0,0,0,0,0,0,4,102,0,0,0,5,0,0,1,7,0,20,4,6,1,0,10,0,3,0,6,2264,3,10,2,6,0,75,17,8,3,0,0,3,0,0,7870,0,5,4,0,7,7,22,279,0,3,12,5,0,4,0,3,44,14,0,0,2,8,0,0,9,3,2,471,2,20,0,5,2,3,14,2,6,4,3,3,0,6,0,1,7,8,5,0,2,2,65,4,0,4,5,28,0,2,2,6,30,10,2649,0,7,9,0,0,68,351,6,2,12,407,2,105,324,8,26,1922,32,265,56,29,0
123-02,64633,377,1308,1833,854,1136,2174,6834,8657,4501,7259,11326,7648,11498,10345,14621,7974,2709,12673,1692,369,222,311,853,55,6,2471,6,8500,305,0,26,0,0,6239,919,0,0,0,0,0,0,15617,0,0,0,0,6,0,150,0,2062,0,0,0,0,0,0,0,257,13,0,0,0,0,0,0,0,0,0,11263,0,1,0,0,0,0,14,0,0,0,0,0,0,0,0,0,0,0,0,0,0,0,1408,0,0,0,0,0,23,0,0,0,0,0,0,56321,0,0,0,0,0,0,53,0,0,5078,0,0,0,0,0,7,0,0,0,0,9,0,0,0,2,0,0,3,78,0,0,1,6,0,0,3,13,0,12,11,9,4,0,14,0,6,0,14,1370,1,11,2,5,0,44,13,7,14,0,0,6,1,0,6399,0,8,0,1,10,4,18,152,1,3,4,0,0,8,0,3,35,13,0,1,6,2,0,0,8,1,3,470,1,10,0,2,5,2,21,4,7,3,1,4,0,9,0,0,4,2,1,0,4,2,64,3,0,6,11,37,0,6,3,5,33,6,2967,0,13,1,1,0,53,261,9,0,3,365,0,74,200,9,22,1062,58,297,77,56,0
123-03,62104,392,1460,2324,843,1201,2334,6932,10619,3733,6401,10364,7198,10595,9964,15149,9380,3862,11437,1264,262,165,203,495,66,1,1362,4,9249,189,6,26,0,1,4239,364,0,0,0,0,0,0,10800,0,0,0,0,4,0,57,0,1200,0,0,0,0,0,0,0,148,3,0,0,0,0,0,0,0,0,0,8958,0,0,0,0,0,0,21,0,0,0,0,0,0,0,0,0,0,0,0,0,0,0,1328,0,0,0,0,0,25,0,0,0,0,0,0,67229,0,0,0,0,0,0,56,0,0,5008,0,0,0,1,0,4,0,0,0,0,12,0,0,0,2,0,0,3,113,0,0,2,8,0,2,3,8,2,21,16,12,6,0,13,0,12,0,9,2072,3,12,11,3,1,69,18,2,7,0,2,6,2,0,7345,0,4,3,2,10,13,12,240,0,0,5,7,0,13,0,2,28,19,0,1,3,9,0,0,8,2,2,470,1,11,0,0,8,2,24,2,5,8,1,1,0,14,0,0,5,5,1,0,5,1,85,8,0,9,8,53,0,2,1,2,39,7,3546,0,18,1,0,0,62,427,3,0,0,585,0,126,279,11,30,1515,93,358,94,64,0
123-04,10525,240,935,1347,519,554,1189,3940,7950,1651,4136,6703,5901,7733,9283,13351,10217,6237,12994,1710,608,213,164,417,45,0,1347,0,9704,207,1,62,0,0,4764,508,16,0,0,0,0,0,10499,0,0,0,0,1,0,80,0,1666,0,0,0,0,0,0,0,142,4,0,0,0,0,0,0,0,0,0,979,0,1,0,0,0,0,11,0,0,0,0,0,0,0,0,0,0,0,0,0,0,0,98,0,0,0,0,0,25,0,0,0,3,1,0,865,0,0,0,0,0,34,439,0,0,459,0,0,179,438,0,705,619,710,5,0,15694,0,3,18355,5602,0,0,47879,12845,0,2,16935,4797,834,23,15169,828,22,394,3841,5225,322,2,3827,7,278,11,170,424,845,186,120,94,4,194,79,16,15,0,5,8,3,0,408,0,5,7,3,15,18,58,118,1,1,10,5,0,12,0,2,128,56,0,0,3,2,0,0,10,1,0,371,0,35,0,0,2,0,108,0,18,1,1,0,0,50,0,0,0,6,0,0,1,0,387,0,0,7,4,197,0,0,0,1,102,7,2076,0,1,0,0,0,101,999,0,0,0,1082,1,67,224,35,53,1694,108,249,113,44,0
123-05,9809,177,740,1060,445,441,1076,4091,6348,1293,3623,6405,5754,8672,10359,14008,10414,6372,13698,2389,930,444,302,584,115,1,1439,8,8759,383,13,123,0,5,4653,609,37,2,1,0,2,0,10547,0,0,2,1,11,0,101,1,1673,0,1,0,0,3,0,0,198,16,1,0,1,0,0,0,1,1,0,1379,0,1,0,0,0,0,20,0,1,0,1,0,0,0,2,0,0,0,0,0,0,0,242,0,0,0,0,0,88,0,0,0,29,15,0,1328,0,0,0,0,0,966,3026,0,0,1117,0,0,820,6069,0,18606,17722,53,0,0,16929,0,0,118,26207,0,0,5780,29600,1,0,70,7679,16,19,315,10280,21,1472,5937,937,33,1,1764,2,18,5,1584,532,118,697,14,72,1,256,151,8,0,0,0,0,0,0,494,0,0,3,0,11,0,38,115,0,0,1,0,0,2,0,0,86,28,0,0,0,0,0,0,1,0,0,349,0,7,0,0,0,0,44,0,3,0,0,0,0,17,0,0,0,0,0,0,1,0,226,0,0,0,0,86,0,0,0,0,33,2,2172,0,1,0,0,0,38,685,0,0,0,886,0,34,110,12,26,1053,51,187,67,67,0
123-06,8484,256,844,1336,434,503,1336,4289,6338,1475,3778,6999,6484,8933,10703,13742,10404,5663,11950,1783,662,340,271,523,81,2,1544,4,8473,338,6,71,0,1,5053,572,16,1,0,0,0,0,10047,0,0,0,0,8,0,102,0,2078,0,0,0,0,2,0,0,106,9,0,0,0,0,0,0,0,0,0,819,0,0,0,0,0,0,4,0,0,0,0,0,0,0,2,0,0,0,0,0,0,0,136,0,0,0,0,0,64,0,0,0,25,4,0,1005,0,0,0,0,0,404,1779,0,0,899,0,0,269,2546,0,11152,9969,40,0,0,14401,0,0,199,30718,0,0,11013,34188,0,0,115,13096,18,10,582,10499,30,1671,8537,1706,42,0,2732,4,27,8,2091,700,208,1142,15,138,0,361,210,17,9,0,0,1,0,0,626,0,1,4,1,16,4,57,156,0,0,1,1,0,16,0,0,120,27,0,1,1,0,0,0,4,1,0,402,1,8,0,0,0,0,57,0,2,1,0,0,0,16,0,0,0,3,0,0,0,0,225,2,0,2,2,98,0,1,0,1,43,3,2024,0,6,0,0,0,63,594,1,0,1,922,0,43,156,21,61,1242,89,231,117,76,0
123-07,10865,213,957,1260,497,571,1300,4025,6410,1686,3837,6438,5664,8666,10715,13648,10138,5082,10886,1448,532,256,209,453,76,0,1270,3,8284,259,3,63,0,1,4106,447,4,2,0,0,1,0,11531,0,0,0,0,1,0,84,0,1559,0,0,0,0,0,0,0,136,8,0,0,0,0,0,0,0,0,0,1126,0,0,0,0,0,0,23,0,0,0,0,0,0,0,2,0,0,0,0,0,0,0,293,0,0,0,0,0,108,0,0,0,46,15,0,1417,0,0,0,0,0,1413,6186,0,0,1682,0,0,106,2303,0,33266,16980,1,0,0,17403,0,0,10,12613,0,0,1248,31468,0,3,25,3961,8,9,48,18109,15,3647,6029,192,17,0,586,3,14,7,2785,805,35,465,25,27,0,484,393,19,12,0,1,1,0,0,630,0,7,5,3,27,16,74,133,1,1,5,4,0,11,0,0,78,30,0,0,5,0,0,0,6,1,1,382,3,17,0,1,1,0,61,1,2,0,1,0,0,22,0,0,0,1,0,0,3,0,301,4,0,1,4,132,0,2,0,1,57,7,1919,0,5,0,0,0,87,927,3,0,1,1017,2,66,167,7,25,1433,66,240,107,58,0
123-08,14068,337,1149,1579,548,673,1399,4348,7886,2040,4161,6327,5911,8518,10957,13310,9546,4514,8762,874,326,159,123,288,36,0,796,1,8880,165,4,25,0,0,2945,216,6,2,0,0,1,0,9039,0,0,1,0,4,0,34,1,790,0,0,0,0,0,0,0,77,3,0,0,0,0,0,0,0,0,0,764,0,0,0,0,0,0,5,0,0,0,0,0,0,0,0,0,0,0,0,0,0,0,134,0,0,0,0,0,30,0,0,0,14,4,0,1408,0,0,0,0,0,403,1909,0,0,1109,0,0,188,2418,0,12549,10305,13,0,0,13454,0,0,103,31262,0,0,9578,36670,0,0,86,13680,14,8,343,10819,10,1451,9055,1235,32,0,2374,4,26,9,2211,692,83,1242,22,91,0,256,158,18,17,0,0,0,0,0,632,0,3,9,1,24,16,65,121,1,1,14,4,0,22,0,0,105,41,0,0,5,0,0,0,10,1,0,325,0,25,0,0,0,0,83,2,13,1,0,0,0,45,0,0,1,2,0,0,1,0,313,0,0,5,6,206,0,0,0,0,115,6,2677,0,10,1,0,0,139,1197,3,0,3,1077,0,101,255,12,30,1842,74,308,107,55,0
123-09,11841,296,1223,1635,688,600,1395,4929,8164,1835,4112,6718,5129,7517,9442,14104,10698,5250,10690,1257,385,197,177,427,58,0,1181,1,8091,171,3,28,0,0,3794,395,13,1,0,0,0,0,7739,0,0,0,0,5,0,54,0,1459,0,0,0,0,0,0,0,133,8,0,0,0,0,0,0,0,0,0,931,0,0,0,0,0,0,14,0,1,0,0,0,0,0,6,0,0,0,0,0,0,0,141,0,0,0,0,0,35,0,0,0,11,0,0,1064,1,0,0,0,0,111,665,0,0,550,0,1,205,1141,0,2545,2373,198,0,0,16666,0,0,4514,18071,0,1,50048,11133,0,0,5283,13485,87,18,10746,2377,26,602,3836,8559,91,3,5144,8,151,12,367,470,1268,543,123,244,0,215,103,18,16,0,5,9,1,0,568,0,7,5,8,18,20,63,145,0,3,14,6,0,22,0,3,118,57,0,1,5,3,0,0,10,6,0,364,0,50,0,0,4,0,85,0,13,7,0,0,0,47,0,0,0,8,0,0,8,2,286,2,0,19,8,182,0,5,0,0,113,23,2326,0,11,1,2,0,188,1408,5,0,5,1278,0,143,362,18,52,2375,75,403,102,59,0
123-10,10559,100,685,1744,377,462,1162,4199,10319,2238,4114,7125,3899,5144,5843,14625,10109,5202,14332,1779,484,243,269,729,99,0,2220,5,8172,398,2,55,0,0,6043,960,17,1,0,0,0,0,8577,0,0,2,0,20,0,186,2,2346,0,0,0,0,1,0,0,291,29,1,0,0,0,0,0,1,0,0,1425,0,0,1,0,0,0,29,0,1,0,0,0,0,0,7,0,0,0,0,0,0,0,613,0,0,0,0,0,209,0,0,0,101,18,0,1839,2,0,0,0,0,1736,11678,0,0,3328,0,0,46,1631,0,33476,14211,0,0,0,19386,0,0,10,8881,0,0,931,28226,0,0,26,3621,6,7,64,15871,9,2828,6484,181,15,0,754,5,25,9,2921,701,48,685,15,46,1,332,198,11,19,0,0,1,1,0,509,0,10,7,1,9,18,50,91,0,10,10,9,0,10,0,4,36,27,0,1,4,11,0,0,5,9,0,284,0,21,0,2,3,0,19,1,4,5,0,0,0,15,0,0,5,6,0,0,7,0,127,1,0,10,12,41,0,7,0,3,32,11,2386,0,11,1,0,0,88,1017,9,0,0,1438,1,129,313,8,15,2232,26,185,34,21,0
123-11,12861,313,1108,1591,632,794,1568,5303,8208,4199,7003,8247,8515,8996,9287,11104,6944,2910,6972,938,277,148,131,302,37,0,742,2,9243,140,5,37,0,0,3143,221,8,0,0,0,0,0,10183,0,0,0,0,2,0,38,0,1076,0,0,0,0,1,0,0,66,3,0,0,0,0,0,0,0,0,0,558,0,0,0,0,0,0,4,0,0,0,0,0,0,0,1,0,0,0,0,0,0,0,84,0,0,0,0,0,26,0,0,0,11,4,0,1042,0,0,0,0,0,126,696,1,0,552,0,0,207,1122,0,2269,2285,202,0,0,17222,0,0,4746,19342,0,0,51979,11206,0,0,3338,15686,30,4,7327,2409,15,585,3843,7516,42,0,4762,5,78,11,572,485,1099,656,68,214,0,296,137,23,18,0,0,3,0,0,606,0,2,5,0,29,14,89,206,3,4,12,1,0,19,0,1,185,57,0,0,7,0,0,0,12,1,0,486,0,34,0,0,1,0,123,0,10,3,0,0,0,46,0,0,1,2,0,0,3,0,372,2,0,11,3,198,0,2,0,0,115,11,3133,0,10,0,0,0,140,938,5,0,9,1153,11,102,302,49,74,1746,119,330,129,69,0
123-12,8584,348,993,1382,532,601,1431,4633,6945,3424,6528,8092,8415,9188,9488,11765,7188,3027,8902,1179,418,239,220,441,109,21,1182,28,8056,262,15,56,0,0,4658,389,13,0,0,0,0,0,10922,0,0,0,0,5,0,66,0,1791,0,0,0,0,0,0,0,111,3,0,0,0,0,0,0,0,0,0,978,0,0,0,0,0,0,13,0,0,0,0,0,0,0,2,0,0,0,0,0,0,0,268,0,0,0,0,0,107,0,0,0,58,14,0,1348,0,0,0,0,0,1534,6913,0,0,1781,0,0,75,2174,0,36797,16815,1,0,0,20590,0,0,11,10522,0,0,927,29574,0,3,23,3224,4,8,53,19120,12,4616,5272,157,17,0,453,2,11,9,3150,736,25,457,13,36,0,511,395,9,12,0,0,4,0,0,535,0,0,5,1,12,8,51,139,1,0,8,5,0,7,0,0,75,16,0,0,4,0,0,0,6,1,0,324,1,17,0,0,1,0,50,0,4,3,0,0,0,15,0,0,0,1,0,0,2,0,230,1,0,4,0,69,0,1,0,0,39,2,1629,0,4,0,0,0,78,685,0,0,0,824,0,39,126,6,18,1090,91,211,138,139,0
123-13,40527,42,111,212,98,175,126,509,2160,484,783,2074,1475,2648,3812,5649,8013,4675,14197,5333,6461,4653,3057,3344,1833,320,3127,213,8751,2706,134,1408,0,19,5986,2460,406,36,0,0,10,0,43518,0,0,23,0,297,5,1223,70,7348,0,22,20,0,71,0,0,4196,391,0,0,16,0,0,0,21,1,0,31533,0,82,2,0,0,0,618,0,10,0,0,0,0,0,36,0,0,0,1,0,0,0,4962,0,0,0,0,0,219,0,0,0,6,0,0,39957,0,0,0,0,0,0,431,0,0,7398,0,0,0,0,0,5,0,0,0,0,152,0,0,0,0,0,0,2,2057,0,0,1,3,0,1,1,29,0,230,18,7,0,0,17,0,3,1,29,9640,8,27,5,18,0,743,52,2,1,0,0,0,0,0,7780,0,0,0,0,5,0,24,675,0,0,1,0,0,2,0,0,96,18,0,0,0,0,0,0,0,0,0,775,0,1,0,0,0,0,9,0,1,0,0,0,0,1,0,0,0,0,0,0,1,0,54,0,0,1,0,11,0,0,0,0,2,1,3674,0,1,0,0,0,3,67,0,0,0,283,0,2,5,1,5,101,4,12,19,9,0
123-14,92692,9,880,896,292,24,1616,6144,5587,0,1348,6177,433,2716,1684,6415,1235,248,8174,1514,600,417,274,595,90,0,1185,0,13210,166,1,9,0,0,2548,192,2,0,0,0,0,0,21081,0,0,0,0,1,0,72,0,1505,0,6,0,0,3,0,0,645,24,0,0,0,0,0,0,0,0,0,5972,0,5,0,0,0,0,123,0,1,0,0,0,0,0,146,0,0,0,0,0,0,0,1118,0,0,0,0,0,127,0,0,0,14,1,0,24155,0,0,0,0,0,3,424,0,0,2911,0,0,0,0,0,25,0,0,0,0,259,0,0,0,0,0,0,1,1842,0,0,0,2,0,0,0,29,0,252,8,1,0,0,0,0,0,0,19,8806,0,1,0,0,0,1093,53,0,0,0,0,0,0,0,22085,0,0,0,0,3,0,101,2826,0,0,0,0,0,0,0,0,2124,98,0,0,0,0,0,0,0,0,0,15815,0,17,0,0,0,0,437,0,4,0,0,0,0,45,0,0,0,0,0,0,0,0,2936,0,0,0,0,178,0,0,0,0,1,0,26926,0,0,0,0,0,7,262,2,0,0,4458,0,61,134,0,0,491,2,86,0,0,0
124-01,67311,37,211,553,147,193,797,3212,3831,788,1488,6121,2021,4964,6826,14805,13846,13171,26681,13623,12727,6279,2035,1498,660,40,2318,45,4089,1086,22,610,1,4,3239,809,150,5,12,3,4,3,43182,0,0,3,0,22,1,218,10,2560,0,0,0,0,2,0,0,260,13,0,0,0,0,0,0,0,0,0,3032,0,1,0,0,0,0,4,0,0,0,0,0,0,0,1,0,0,0,0,0,0,0,47,0,0,0,0,0,1,0,0,0,0,0,0,24392,0,0,0,0,0,0,1,0,0,388,0,0,0,0,0,1,0,0,0,0,7,0,0,0,0,0,0,3,52,0,0,2,3,0,1,4,21,10,37,77,181,370,686,1893,3140,2110,1268,420,505,97,39,60,27,17,70,46,20,22,2,13,13,5,0,2333,2,7,4,2,9,25,42,74,0,5,6,2,0,13,0,1,26,16,0,0,3,1,0,0,4,3,0,241,1,12,0,0,0,0,14,0,8,0,0,0,0,11,0,0,1,4,0,0,3,0,43,1,0,6,4,25,0,4,0,3,16,5,1831,0,5,1,0,0,13,134,1,0,1,204,0,8,30,6,4,316,5,20,13,3,0
124-02,52609,93,228,427,280,289,423,1360,2409,693,1147,3659,2282,4083,6842,9267,12805,13057,27161,11506,11705,4813,2581,1541,448,90,2291,50,2180,534,13,178,0,1,2843,717,43,0,0,0,0,0,25708,0,0,1,0,72,0,343,9,2003,0,0,0,0,2,0,0,706,55,0,0,0,0,0,0,0,0,0,16277,0,5,0,0,0,0,23,0,0,0,0,0,0,0,0,0,0,0,0,0,0,0,1150,0,0,0,0,0,11,0,0,0,0,0,0,53312,0,0,0,0,0,0,94,0,0,7951,0,0,0,0,0,3,0,0,0,0,39,0,0,0,1,0,0,6,355,0,0,0,15,2,4,12,57,10,138,100,174,237,223,378,597,1352,2217,2700,4015,350,85,77,35,24,186,71,23,23,4,12,6,20,0,3258,0,4,9,8,14,17,36,127,1,6,6,4,0,10,0,1,52,20,0,0,8,6,0,0,4,4,0,170,0,10,0,0,2,0,19,0,3,4,0,0,0,9,0,0,0,3,0,0,1,0,43,0,0,5,1,15,0,1,0,0,13,4,869,0,0,0,0,0,7,91,1,0,0,159,0,3,15,0,0,154,6,22,41,13,0
124-03,51256,106,267,516,309,390,460,1628,2213,765,1330,3992,2610,4687,7278,8909,14067,11348,24838,10545,12006,4932,2617,1645,367,34,1558,24,1347,474,13,101,0,0,1623,566,11,1,0,0,0,0,21703,0,0,0,0,35,0,250,3,2136,0,0,0,0,2,0,0,798,65,0,0,0,0,0,0,0,0,0,18659,0,0,0,0,0,0,29,0,0,0,0,0,0,0,1,0,0,0,0,0,0,0,945,0,0,0,0,0,13,0,0,0,0,0,0,62605,0,0,0,0,0,0,52,0,0,6261,0,0,0,0,0,1,1,0,0,0,28,0,0,0,2,0,0,5,259,0,0,5,13,2,4,11,34,11,66,97,125,230,181,257,306,718,1451,2947,5086,779,176,91,50,32,105,62,26,32,2,11,11,10,0,3462,3,9,12,5,21,13,52,133,2,7,11,7,0,11,0,1,41,27,0,0,6,6,0,0,6,4,1,187,1,16,0,0,3,0,21,0,14,5,0,0,0,12,0,0,0,5,0,0,6,0,45,0,0,3,3,10,0,0,0,0,20,9,919,0,4,0,0,0,8,90,1,0,0,114,0,7,10,0,1,144,3,30,20,32,0
124-04,45111,74,181,381,299,339,320,1262,1431,674,1064,3329,1820,3311,6123,8356,11265,9883,23698,11166,16194,7914,4372,2597,581,93,2015,18,1088,708,14,139,0,3,1757,717,32,2,0,0,0,0,23772,0,0,0,0,53,0,337,3,2477,0,0,0,0,2,0,0,1405,51,0,0,0,0,0,0,0,0,0,28678,0,1,0,0,0,0,63,0,0,0,0,0,0,0,0,0,0,0,0,0,0,0,1939,0,0,0,0,0,17,0,0,0,0,0,0,58850,0,0,0,0,0,0,56,0,0,6441,0,0,0,0,0,3,0,0,0,0,35,0,0,0,1,0,0,8,220,0,0,1,15,2,4,9,56,11,93,97,145,205,163,214,329,677,1566,3490,3661,634,119,69,39,29,84,42,19,21,2,18,4,5,0,1270,1,3,9,2,8,15,27,28,0,5,8,4,0,4,0,0,16,13,0,0,5,2,0,0,7,5,0,84,0,6,0,0,0,0,13,0,5,1,1,0,0,12,0,0,0,5,0,0,0,0,35,1,0,4,2,12,0,0,0,0,16,5,711,0,0,0,0,0,4,48,0,0,0,81,0,7,9,0,0,76,0,17,30,17,0
124-05,44366,167,275,505,259,345,407,1448,1832,854,1538,3673,2641,4212,7295,9155,13524,10068,23452,10241,12688,5377,2607,1467,305,53,1165,12,1038,457,4,129,0,0,1256,460,14,0,2,0,0,0,16031,0,0,1,0,29,0,312,3,1843,0,0,0,0,5,0,0,1047,75,0,0,0,0,0,0,0,0,0,25254,0,2,0,0,0,0,34,0,0,0,0,0,0,0,4,0,0,0,0,0,0,0,1499,0,0,0,0,0,17,0,0,0,0,0,0,74600,0,0,0,0,0,0,84,0,0,7279,0,0,0,0,0,1,0,0,0,0,15,0,0,0,1,0,0,5,184,0,0,2,7,4,0,8,22,17,71,79,139,207,155,230,276,564,1128,3010,4549,828,143,76,37,26,95,66,24,20,1,24,5,8,0,2096,1,7,9,4,9,11,25,49,2,4,7,6,0,10,0,1,16,15,0,0,4,3,0,0,6,6,0,107,0,14,0,1,2,0,14,0,6,6,0,0,0,9,0,0,0,5,0,0,1,0,32,1,0,4,3,12,0,0,0,0,8,0,723,0,1,0,0,0,8,86,0,0,0,97,0,9,23,5,2,133,14,59,55,32,0
124-06,86088,227,360,486,284,356,621,2046,1940,1563,2803,4565,4688,6344,9375,9678,16591,14915,20045,7922,7516,3110,1055,583,141,5,552,3,1894,231,1,46,0,0,1069,260,3,0,0,0,0,0,54129,0,0,0,0,9,0,158,1,2629,0,0,0,0,0,0,0,376,14,0,0,0,0,0,0,0,0,0,9683,0,0,0,0,0,0,10,0,0,0,0,0,0,0,0,0,0,0,0,0,0,0,91,0,0,0,0,0,0,0,0,0,0,0,0,15028,0,0,0,0,0,0,1,0,0,147,0,0,0,0,0,1,1,0,0,0,4,0,0,0,1,0,0,1,64,0,0,1,6,1,1,4,18,7,39,70,91,188,184,160,200,357,521,1673,3281,2292,693,166,55,31,109,62,34,15,8,13,9,10,0,3197,4,6,12,12,20,16,57,93,4,7,8,2,0,11,0,3,43,22,0,0,2,1,0,0,12,9,2,339,1,21,0,1,2,1,16,0,3,7,1,0,0,18,0,0,0,4,0,0,4,0,56,3,0,8,4,24,0,2,0,0,26,10,2331,0,5,1,0,0,18,149,2,0,0,103,0,12,31,0,4,209,16,68,74,70,0
124-07,46762,132,293,435,238,339,509,1485,1599,830,1594,3596,3246,5860,10102,11850,19272,17728,21050,9608,7191,3190,1286,852,221,6,774,17,1554,397,15,95,0,5,1312,357,12,0,0,0,0,0,35758,0,0,2,0,17,0,568,3,8421,0,0,0,0,3,0,0,1654,74,0,0,0,0,0,0,0,0,0,31639,0,0,0,0,0,0,18,0,0,0,0,0,0,0,0,0,0,0,0,0,0,0,595,0,0,0,0,0,4,0,0,0,0,0,0,39798,0,0,0,0,0,0,12,0,0,820,0,0,0,0,0,2,1,0,0,0,17,0,0,0,0,0,0,3,100,0,0,1,9,0,1,10,17,12,70,89,124,211,152,236,266,447,980,2485,3467,1503,307,113,54,39,121,66,25,17,12,15,6,11,0,1022,4,4,9,7,27,15,48,71,3,9,7,2,1,9,0,12,29,29,0,2,3,6,1,0,6,5,2,93,1,17,0,0,4,0,28,2,3,4,3,1,0,8,0,0,2,2,0,0,5,0,54,3,0,5,5,24,0,1,0,1,22,5,884,0,3,0,0,0,10,82,1,0,0,94,0,15,16,1,2,135,10,54,42,38,0
124-08,39264,128,232,304,225,258,440,1368,1616,756,1548,3558,3145,5761,9371,11136,14916,16017,23851,10374,9705,5135,2037,1389,266,18,1418,22,1748,510,20,89,0,6,1843,541,14,3,0,0,1,0,27096,0,0,0,0,42,0,1195,1,10172,0,0,0,0,6,0,0,1829,107,0,0,0,0,0,0,0,0,0,25548,0,1,0,0,0,0,34,0,0,0,0,0,0,0,2,0,0,0,0,0,0,0,713,0,0,0,0,0,2,0,0,0,1,0,0,54223,0,0,0,0,0,0,18,0,0,1964,0,0,0,0,0,1,0,0,0,0,33,0,0,0,0,0,0,2,192,0,0,1,13,1,0,10,41,8,83,131,165,186,183,286,297,525,1139,2432,4018,1417,367,109,55,36,113,55,23,24,5,13,4,12,0,1629,3,8,8,5,13,15,29,52,1,3,5,5,0,7,0,6,19,12,0,3,4,3,0,0,6,3,0,101,2,15,0,0,0,1,7,2,6,1,1,0,0,11,0,0,1,9,0,0,3,0,24,1,0,3,6,14,0,4,0,0,15,8,794,0,3,0,0,0,10,58,0,0,0,82,0,12,15,0,2,99,3,27,33,21,0
124-09,48643,69,254,365,245,247,513,1749,2166,631,1391,4231,2235,4865,7665,10233,14484,17785,27011,12211,9824,4668,1822,1481,247,38,1406,19,2471,416,4,83,0,0,2210,622,9,0,0,0,0,0,29337,0,0,0,0,46,0,1157,1,9789,0,0,0,0,5,0,0,1281,92,0,0,0,0,0,0,0,0,0,19159,0,0,0,0,0,0,19,0,0,0,0,0,0,0,0,0,0,0,0,0,0,0,299,0,0,0,0,0,3,0,0,0,0,0,0,48665,0,0,0,0,0,0,5,0,0,1068,0,0,0,0,0,1,0,0,0,0,9,0,0,0,0,0,0,2,150,0,0,0,10,0,0,3,23,8,82,103,137,246,184,241,288,480,1082,2153,3354,1329,362,123,49,29,126,52,23,26,5,21,5,11,0,1511,0,7,10,2,9,17,31,51,3,9,6,3,0,7,0,3,19,16,0,0,3,1,0,0,4,1,0,131,4,13,0,0,4,0,8,2,6,7,0,0,0,5,0,0,2,2,0,0,2,1,33,3,0,4,2,10,0,1,0,0,20,4,819,0,3,0,0,0,21,86,2,0,0,116,0,13,17,0,0,154,3,12,8,13,0
124-10,58113,24,169,456,133,193,704,2878,2946,433,1365,5710,1618,5150,6583,13852,15948,16117,28825,14404,10859,6285,2544,1616,460,52,2078,65,3253,910,13,267,0,1,5618,2971,40,0,0,0,0,0,40266,0,0,1,0,200,0,2589,12,13183,0,0,1,0,22,0,0,417,119,0,0,0,0,0,0,1,0,0,5948,0,1,0,0,0,0,4,0,0,0,0,0,0,0,0,0,0,0,0,0,0,0,84,0,0,0,0,0,5,0,0,0,0,0,0,16450,0,0,0,0,0,0,10,0,0,259,0,0,0,0,0,1,0,0,0,0,14,0,0,0,1,0,0,0,87,0,0,2,11,0,2,14,30,17,58,76,150,290,384,916,1797,1997,1690,1388,1321,294,106,65,41,19,82,54,27,24,0,11,8,5,0,1524,1,9,10,5,11,16,47,67,2,4,17,6,0,12,0,0,38,22,0,0,6,4,0,0,9,2,1,167,1,14,0,0,0,0,19,0,4,2,0,0,0,15,0,0,0,2,0,0,2,0,45,1,0,4,1,16,0,1,0,0,14,4,1314,0,2,1,0,0,12,113,0,0,0,172,0,8,21,0,0,211,0,13,1,0,0
124-11,84519,153,275,416,270,304,393,1393,1392,797,1664,3199,2981,4986,7818,9492,15551,13141,22571,9651,9638,4176,1652,923,236,10,933,0,1852,430,0,107,0,0,1614,589,16,0,0,0,0,0,50382,0,0,0,0,24,0,508,0,4996,0,0,0,0,0,0,0,428,38,0,0,0,0,0,0,0,0,0,11738,0,0,0,0,0,0,10,0,0,0,0,0,0,0,0,0,0,0,0,0,0,0,94,0,0,0,0,0,0,0,0,0,0,0,0,20369,0,0,0,0,0,0,2,0,0,195,0,0,0,0,0,1,0,0,0,0,7,0,0,0,1,0,0,4,57,0,0,2,4,1,1,5,20,13,46,41,92,181,146,163,187,354,504,1910,3299,1895,519,121,56,40,70,42,25,11,4,14,6,14,0,2203,1,12,9,8,17,16,30,85,3,7,10,1,0,10,0,3,37,31,0,4,4,4,0,0,7,4,2,260,2,15,0,0,1,1,14,2,13,2,1,0,0,10,0,0,0,4,0,0,5,0,50,1,0,8,3,23,0,1,0,2,11,3,1974,0,2,0,0,0,13,68,1,0,0,106,0,9,21,1,4,131,18,64,48,18,0
124-12,56759,197,360,475,433,600,619,2442,2296,3165,3957,5580,5272,5473,7144,6994,11566,9369,18417,8346,8912,4496,2324,1479,442,112,956,37,1329,483,7,117,0,0,1335,487,17,0,0,0,0,0,39572,0,0,1,0,31,0,521,1,4736,0,0,0,0,4,0,0,1194,62,0,0,0,0,0,0,0,0,0,29804,0,0,0,0,0,0,22,0,0,0,0,0,0,0,0,0,0,0,0,0,0,0,571,0,0,0,0,0,3,0,0,0,0,0,0,44453,0,0,0,0,0,0,9,0,0,1037,0,0,0,0,0,0,0,0,0,0,18,0,0,0,0,0,0,3,94,0,0,1,9,2,0,7,16,9,43,60,99,190,139,173,184,306,379,1131,3081,2083,894,184,71,32,69,43,26,29,5,22,7,6,0,1866,2,4,5,5,11,11,36,36,4,7,8,1,0,11,0,3,17,12,0,3,6,4,0,0,6,1,0,119,2,16,0,1,3,1,17,1,9,2,0,0,0,11,0,0,0,5,0,0,3,0,24,2,0,2,7,11,0,0,0,0,8,4,894,0,5,0,0,0,10,72,0,0,0,82,0,4,27,2,5,126,21,74,76,62,0
124-13,84497,164,267,365,256,446,416,1332,1774,1446,2142,3842,4189,6122,8777,9224,18912,11328,21318,7209,6459,3270,1695,1393,478,4,1331,4,3407,1227,1,366,0,0,3253,1842,55,0,0,0,0,0,58848,0,0,0,0,173,0,1133,23,5648,0,0,1,0,3,0,0,358,48,0,0,0,0,0,0,0,0,0,4604,0,0,0,0,0,0,4,0,0,0,0,0,0,0,0,0,0,0,0,0,0,0,48,0,0,0,0,0,0,0,0,0,0,0,0,11010,0,0,0,0,0,0,1,0,0,98,0,0,0,0,0,1,0,0,0,0,4,0,0,0,0,0,0,0,48,0,0,1,4,1,0,9,18,12,24,44,50,123,170,212,205,368,828,2544,3071,968,145,83,35,28,51,34,24,21,2,9,8,16,0,2458,2,12,4,9,9,14,31,41,5,3,8,2,0,9,0,1,17,24,0,4,2,5,2,0,4,3,1,221,3,8,0,2,4,1,15,2,4,4,2,0,0,11,0,0,2,7,0,0,4,3,32,4,0,5,3,17,0,0,1,2,25,8,3586,0,3,2,0,0,15,96,6,0,2,113,0,13,19,2,4,143,18,58,49,39,0
124-14,110706,204,400,584,394,929,580,2319,4723,5054,6523,9817,7812,14190,10412,15153,12479,4746,8837,1841,379,472,585,952,319,0,1142,0,4473,1196,2,456,0,0,1471,464,77,0,0,0,0,0,25829,0,0,0,0,14,0,105,3,1340,0,0,0,0,2,0,0,162,15,0,0,0,0,0,0,0,0,0,4543,0,0,0,0,0,0,0,0,0,0,0,0,0,0,0,0,0,0,0,0,0,0,86,0,0,0,0,0,0,0,0,0,0,0,0,17659,0,0,0,0,0,0,3,0,0,265,0,0,0,0,0,1,0,0,0,0,9,0,0,0,0,0,0,1,66,0,0,0,2,0,0,7,7,3,37,20,24,82,201,562,1387,3395,1764,724,950,75,44,50,21,13,77,42,19,18,0,9,9,3,0,4405,0,10,13,3,12,14,30,78,1,3,10,7,0,9,0,1,37,27,0,1,9,3,0,0,12,1,0,1228,0,22,0,0,1,0,18,0,9,5,0,0,0,22,0,0,0,6,0,0,3,0,86,0,0,5,3,39,0,0,0,0,33,5,10349,0,4,0,0,0,26,207,3,0,0,399,0,21,26,3,6,361,23,111,99,52,0
125-01,35997,27,108,172,82,145,277,1490,973,531,2069,5003,3558,9135,8284,15910,17539,9980,20847,9166,7168,5606,2440,2181,1033,441,2003,626,2419,3642,1163,985,80,68,3781,2347,246,13,4,3,5,0,51898,0,0,6,0,230,0,2265,40,15881,0,0,1,0,8,0,0,942,85,0,0,0,0,0,0,0,0,0,20741,0,0,0,0,0,0,17,0,0,0,0,0,0,0,0,0,0,0,0,0,0,0,382,0,0,0,0,0,0,0,0,0,0,0,0,33702,0,0,0,0,0,0,5,0,0,905,0,0,0,0,0,2,0,0,0,0,30,0,0,0,1,0,0,3,151,0,0,0,13,0,0,2,42,0,56,16,1,1,0,6,0,0,0,15,435,0,4,0,2,0,46,10,0,0,0,0,0,0,0,1217,0,0,0,0,0,0,0,9,0,0,0,0,0,0,0,0,1,0,0,0,0,0,0,0,0,0,0,37,0,0,0,0,0,0,0,0,0,1,0,0,0,2,0,0,0,0,0,0,0,0,4,0,0,1,0,2,0,0,0,0,3,0,324,0,0,0,0,0,4,20,0,0,0,31,0,3,3,0,0,42,0,3,0,2,0
125-02,32012,26,98,178,106,164,261,997,1146,414,1034,3132,1845,5072,5937,13139,15813,10816,22648,11327,10360,7258,3610,3013,1282,356,2837,673,2765,3731,993,1400,104,92,4179,3080,367,14,3,4,4,2,52945,0,0,7,0,493,1,3491,73,21797,0,0,0,0,8,0,0,2261,136,0,0,0,0,0,0,0,0,0,25826,0,1,0,0,0,0,42,0,0,0,0,0,0,0,0,0,0,0,0,0,0,0,647,0,0,0,0,0,3,0,0,0,0,0,0,23910,0,0,0,0,0,0,6,0,0,823,0,0,0,0,0,4,0,0,0,0,16,0,0,0,0,0,0,7,112,0,0,0,7,0,0,4,20,0,54,22,3,0,0,23,0,0,0,26,385,2,6,0,2,0,51,15,0,0,0,0,0,0,0,851,0,0,0,0,1,0,11,42,0,0,2,0,0,1,0,0,13,3,0,0,0,0,0,0,1,0,0,39,0,1,0,0,0,0,5,0,0,0,0,0,0,1,0,0,0,0,0,0,0,0,8,0,0,0,0,3,0,0,0,0,0,0,466,0,0,0,0,0,3,33,0,0,0,98,0,2,4,0,0,51,4,16,10,10,0
125-03,24942,48,106,184,106,179,245,967,1198,310,826,2750,1618,4272,5256,11550,14329,10735,23308,12794,12947,8542,4664,3365,1380,444,2733,787,2782,3965,1405,1360,158,84,3370,3155,616,27,2,3,4,0,43265,0,0,30,0,769,1,4958,97,23660,0,0,3,0,31,0,0,2847,166,0,0,0,0,0,0,1,0,0,31805,0,1,0,0,0,0,54,0,0,0,0,0,0,0,0,0,0,0,0,0,0,0,975,0,0,0,0,0,4,0,0,0,0,0,0,27628,0,0,0,0,0,0,15,0,0,1229,0,0,0,0,0,0,0,0,0,0,10,0,0,0,0,0,0,0,59,0,0,0,1,0,0,0,11,0,53,11,0,0,0,8,0,0,0,26,354,6,6,6,5,0,45,20,1,0,0,0,0,0,0,802,0,1,2,0,3,2,10,33,0,1,2,0,0,0,0,0,18,8,0,0,1,0,0,0,1,0,0,69,0,8,0,0,0,0,9,0,1,0,0,0,0,1,0,0,0,0,0,0,0,0,7,0,0,0,0,4,0,0,0,0,2,0,367,0,0,0,0,0,3,21,0,0,0,65,0,2,3,1,1,38,5,21,7,4,0
125-04,27016,30,88,192,92,144,266,1049,1327,339,829,3037,1352,3846,4599,10440,12776,10613,23346,13130,14001,9312,5352,3507,1402,510,2656,903,2965,3642,1015,1351,130,68,3738,3118,539,35,6,3,7,1,43516,0,1,28,0,976,0,5847,137,24292,0,0,2,0,33,0,0,3166,214,0,0,0,0,0,0,0,0,0,29756,0,2,0,0,0,0,46,0,0,0,0,0,0,0,1,0,0,0,0,0,0,0,1051,0,0,0,0,0,2,0,0,0,0,0,0,25831,0,0,0,0,0,0,7,0,0,983,0,0,0,0,0,4,0,0,0,0,22,0,0,0,1,0,0,3,77,0,0,1,10,0,0,4,19,2,40,28,6,8,0,22,1,5,2,24,399,10,15,5,6,0,47,19,5,2,0,0,1,0,0,841,0,0,3,0,6,2,15,28,0,0,2,1,0,2,0,0,18,9,0,0,0,0,0,0,0,0,0,63,0,0,0,0,0,0,11,0,1,0,0,0,0,7,0,0,0,0,0,0,0,0,20,0,0,0,1,3,0,0,0,0,2,0,453,0,0,0,0,0,5,35,0,0,0,112,0,2,4,0,2,78,3,9,6,5,0
125-05,29303,34,143,219,107,175,291,1081,2042,342,900,3252,1338,3731,4641,10943,12493,10634,24327,12335,12006,8040,4659,2880,1078,446,2717,876,4384,2941,869,1123,141,126,4232,2905,399,20,11,6,3,0,43119,0,0,17,0,599,1,4527,66,20671,0,0,1,0,22,0,0,2323,160,0,0,0,0,0,0,0,0,0,28434,0,1,0,0,0,0,35,0,0,0,0,0,0,0,0,0,0,0,0,0,0,0,904,0,0,0,0,0,0,0,0,0,0,0,0,32885,0,0,0,0,0,0,16,0,0,1340,0,0,0,0,0,4,0,0,0,0,16,0,0,0,2,0,0,1,60,0,0,0,3,0,0,3,17,0,40,12,0,1,0,10,0,4,1,19,481,6,14,5,9,0,50,25,7,4,0,0,2,0,0,1540,0,1,4,0,11,2,21,44,0,0,1,0,0,5,0,0,25,11,0,0,0,0,0,0,3,0,0,109,0,0,0,0,0,0,5,0,0,0,0,0,0,0,0,0,0,0,0,0,0,0,26,0,0,0,0,8,0,0,0,0,0,0,801,0,0,0,0,0,0,59,0,0,0,183,0,5,10,4,7,116,11,36,28,14,0
125-06,34343,48,143,214,127,215,273,984,1639,567,983,3014,1734,3983,6290,14030,16531,12522,23195,9405,7497,4712,2248,2166,1265,584,2706,861,4303,3041,688,1396,45,63,4469,3228,693,18,9,2,4,0,43903,0,0,10,0,1226,0,6124,108,23083,0,0,4,0,26,0,0,2819,169,0,0,0,0,0,0,0,0,0,26992,0,4,0,0,0,0,63,0,0,0,0,0,0,0,0,0,0,0,0,0,0,0,709,0,0,0,0,0,0,0,0,0,0,0,0,28404,0,0,0,0,0,0,0,0,0,755,0,0,0,0,0,0,0,0,0,0,2,0,0,0,0,0,0,0,43,0,0,0,0,0,0,0,1,0,11,0,0,0,0,0,0,0,0,3,297,0,1,0,1,0,29,2,0,1,0,0,0,0,0,1135,0,2,0,0,0,0,4,9,0,0,0,1,0,0,0,0,8,1,0,0,0,0,0,0,0,0,0,62,0,0,0,0,0,0,1,0,0,0,0,0,0,3,0,0,0,0,0,0,0,0,12,0,0,0,0,3,0,0,0,0,1,0,607,0,0,0,0,0,3,39,0,0,0,65,0,5,9,1,2,95,13,28,42,21,0
125-07,26481,40,104,172,89,190,260,904,1520,471,954,2923,1806,4150,6609,13986,16466,11860,22902,9630,7608,4612,2165,2141,1221,518,2685,948,4377,3487,809,1939,76,61,3714,3444,1030,34,4,2,1,0,41976,0,0,15,0,1709,1,8358,195,26271,0,0,4,0,48,0,0,4154,287,0,0,0,0,0,0,0,0,0,34662,0,3,0,0,0,0,76,0,0,0,0,0,0,0,0,0,0,0,0,0,0,0,869,0,0,0,0,0,3,0,0,0,0,0,0,23590,0,0,0,0,0,0,11,0,0,632,0,0,0,0,0,0,0,0,0,0,6,0,0,0,0,0,0,0,40,0,0,0,0,0,0,0,4,0,11,1,0,0,0,0,0,0,0,2,267,0,1,0,0,0,18,2,0,0,0,0,0,0,0,704,0,0,0,0,0,0,3,9,0,0,1,0,0,2,0,0,8,4,0,0,0,0,0,0,0,0,0,36,0,0,0,0,0,0,2,0,0,0,0,0,0,2,0,0,0,0,0,0,0,0,19,0,0,0,0,3,0,0,0,0,2,0,547,0,0,0,0,0,3,37,0,0,0,88,0,0,2,0,0,61,5,20,24,9,0
125-08,30154,66,105,163,119,179,198,761,1431,469,1024,2919,1799,4139,5641,11647,15308,12040,24574,10872,9319,5614,2860,2347,1273,633,2891,1003,4435,3545,543,2119,22,33,3899,4284,763,25,4,2,6,0,48964,0,0,18,0,1215,1,7716,125,25965,0,0,1,0,30,0,0,2899,195,0,0,0,0,0,0,0,0,0,29877,0,3,0,0,0,0,42,0,0,0,0,0,0,0,0,0,0,0,0,0,0,0,525,0,0,0,0,0,3,0,0,0,0,0,0,18304,0,0,0,0,0,1,2,0,0,299,0,0,0,0,0,0,2,0,0,0,4,0,0,0,0,0,0,0,35,0,0,0,2,0,0,0,3,0,14,2,0,0,0,0,0,0,0,13,209,0,3,0,2,0,13,10,1,0,0,0,0,0,0,546,0,0,0,0,2,0,4,18,0,0,0,0,0,0,0,0,12,8,0,0,0,0,0,0,1,0,0,62,0,1,0,0,0,0,7,0,0,0,0,0,0,1,0,0,0,0,0,0,0,0,16,0,0,0,0,1,0,0,0,0,1,0,538,0,0,0,0,0,3,27,0,0,0,86,0,3,7,0,1,47,7,16,36,23,0
125-09,26881,56,130,167,109,159,205,977,1235,501,1308,3558,2128,5194,6567,13168,16790,12527,23138,10054,9185,4955,2623,2180,1325,676,2648,1224,3783,2865,465,1868,14,45,2856,3395,714,22,2,4,4,0,45090,0,0,8,0,1412,2,7920,175,25312,0,0,10,0,45,0,0,3155,257,0,0,0,0,0,0,0,0,0,33656,0,7,0,0,0,0,73,0,0,0,0,0,0,0,0,0,0,0,0,0,0,0,814,0,0,0,0,0,7,0,0,0,0,0,0,21360,0,0,0,0,0,0,12,0,0,453,0,0,0,0,0,3,1,0,0,0,4,0,0,0,1,0,0,2,66,0,0,0,1,0,0,0,5,0,11,2,0,0,0,3,0,0,0,12,224,5,0,0,0,0,19,5,0,0,0,0,0,0,0,512,0,0,0,0,1,0,4,12,0,0,0,0,0,0,0,0,4,2,0,0,0,0,0,0,0,0,0,49,0,1,0,0,0,0,4,0,1,0,0,0,0,0,0,0,0,0,0,0,0,0,5,0,0,0,0,3,0,0,0,0,3,1,541,0,0,0,0,0,1,28,0,0,0,81,0,1,6,0,1,53,4,18,18,9,0
125-10,33918,26,47,60,42,74,151,807,838,458,1739,3888,3167,7632,8947,17795,20788,11045,19586,8094,7221,6035,2925,2629,1527,636,2311,1082,3033,4683,919,1576,12,11,2812,3313,322,7,2,0,0,0,40831,0,0,1,0,731,0,4597,56,18377,0,0,3,0,24,0,0,1362,118,0,0,0,0,0,0,0,0,0,25517,0,4,0,0,0,0,20,0,0,0,0,0,0,0,0,0,0,0,0,0,0,0,394,0,0,0,0,0,1,0,0,0,0,0,0,32575,0,0,0,0,0,0,1,0,0,574,0,0,0,0,0,0,0,0,0,0,3,0,0,0,0,0,0,0,13,0,0,0,0,0,0,0,1,0,2,0,0,0,0,0,0,0,0,0,404,0,0,0,0,0,3,0,0,0,0,0,0,0,0,926,0,0,0,0,0,0,0,5,0,0,0,0,0,0,0,0,0,0,0,0,0,0,0,0,0,0,0,33,0,0,0,0,0,0,0,0,0,0,0,0,0,0,0,0,0,0,0,0,0,0,0,0,0,0,0,0,0,0,0,0,0,0,385,0,0,0,0,0,0,8,0,0,0,40,0,0,1,0,0,22,0,7,2,1,0
125-11,28082,68,161,236,137,198,226,997,1915,461,891,3264,1474,3722,5211,11255,13628,10388,23132,11263,9847,6427,4070,2652,1041,416,2855,690,3812,3150,1179,1616,163,106,4099,3119,871,35,5,7,8,0,42854,0,0,16,0,1401,0,7398,132,25605,0,0,4,0,43,0,0,4256,206,0,0,0,0,0,0,1,0,0,35927,0,6,0,0,0,0,59,0,0,0,0,0,0,0,0,0,0,0,0,0,0,0,902,0,0,0,0,0,0,0,0,0,0,0,0,23007,0,0,0,0,0,0,1,0,0,516,0,0,0,0,0,1,0,0,0,0,3,0,0,0,0,0,0,0,16,0,0,0,0,0,0,0,4,0,10,1,0,0,0,2,0,0,0,5,273,0,2,0,3,0,14,16,3,2,0,0,1,0,0,564,0,1,1,1,5,2,15,32,0,0,0,0,0,2,0,0,14,7,0,0,0,0,0,0,0,0,0,43,0,2,0,0,0,0,8,0,0,0,0,0,0,7,0,0,0,0,0,0,0,0,14,0,0,0,0,11,0,0,0,0,1,0,532,0,0,0,0,0,1,39,0,0,0,115,0,2,18,0,3,103,9,35,29,17,0
125-12,27847,158,331,335,229,271,331,1169,1923,927,1731,3765,3405,5814,8531,14444,14808,10567,18935,6045,5284,3509,1963,1980,996,634,2686,838,4450,2679,927,1394,143,83,4136,2901,791,33,5,5,6,0,42176,0,0,24,0,1437,1,7696,155,25153,0,0,4,0,47,0,0,4734,322,0,0,0,0,0,0,0,0,0,38748,0,4,0,0,0,0,87,0,0,0,0,0,0,0,0,0,0,0,0,0,0,0,1154,0,0,0,0,0,3,0,0,0,0,0,0,25821,0,0,0,0,0,0,2,0,0,647,0,0,0,0,0,0,0,0,0,0,2,0,0,0,0,0,0,1,27,0,0,0,2,0,0,0,3,0,12,1,0,0,0,3,0,0,0,3,257,2,4,0,4,0,21,4,2,0,0,0,0,0,0,583,0,0,0,0,2,0,11,25,0,0,2,0,0,5,0,0,12,6,0,0,1,0,0,0,1,0,0,55,0,2,0,0,0,0,2,0,0,0,0,0,0,6,0,0,0,0,0,0,0,0,10,0,0,0,0,7,0,0,0,0,1,0,577,0,0,0,0,0,4,29,0,0,1,66,0,3,17,0,2,116,5,39,20,18,0
125-13,7622,101,264,441,226,573,549,1991,4112,1898,2455,5200,4219,6802,8923,11402,13713,6866,15042,4706,4445,2985,1761,2165,1415,555,3013,1190,4116,1828,235,862,58,70,2663,1143,215,14,6,3,9,0,4327,0,0,11,0,280,4,710,107,1769,0,0,31,0,96,0,0,544,264,0,0,7,0,0,0,9,0,0,1614,0,31,1,0,0,0,65,0,1,0,0,0,0,0,4,0,0,0,0,0,0,0,200,0,0,0,0,0,7,0,0,0,1,0,0,7883,0,0,0,0,0,0,107,0,0,1706,0,0,0,0,0,33,0,0,0,0,984,0,0,0,9,0,0,40,9645,0,0,1,811,0,0,24,5077,0,25990,7160,394,1,0,2683,0,9,0,21982,21206,217,6913,16,595,1,24100,15136,38,3,0,0,0,0,0,11624,0,1,2,0,403,5,1201,2227,0,0,4,1,0,16,0,0,88,36,0,0,0,1,0,0,2,0,0,262,0,12,0,0,0,0,27,0,4,1,0,0,0,21,0,0,0,3,0,0,1,0,85,0,0,5,3,34,0,0,0,0,29,3,1206,0,4,0,0,0,19,160,6,0,8,370,0,18,25,3,15,282,49,115,73,43,0
125-14,91628,135,357,564,338,1071,931,3086,7888,4407,6633,9547,7039,10695,8269,10512,6234,1553,8301,1646,1385,1386,908,1469,1650,959,2056,174,18917,531,18,130,7,5,4852,799,14,3,0,0,0,0,27664,0,0,0,0,30,0,146,2,1932,0,0,0,0,3,0,0,97,19,0,0,0,0,0,0,0,0,0,2150,0,0,0,0,0,0,1,0,0,0,0,0,0,0,0,0,0,0,0,0,0,0,61,0,0,0,0,0,0,0,0,0,0,0,0,23239,0,0,0,0,0,0,11,0,0,851,0,0,0,0,0,0,0,0,0,0,12,0,0,0,0,0,0,0,533,0,0,0,1,0,0,0,1,0,32,0,2,0,0,1,0,0,0,8,6743,5,3,2,6,0,179,21,0,0,0,0,0,0,0,13276,0,0,0,0,4,0,19,362,0,0,1,0,0,1,0,0,60,5,0,0,0,0,0,0,0,0,0,1414,0,6,0,0,0,0,17,0,0,0,0,0,0,7,0,0,0,0,0,0,0,0,81,0,0,0,1,17,0,0,0,0,4,1,10518,0,0,0,0,0,7,150,0,0,1,753,1,7,16,5,23,262,39,131,108,51,0
126-01,38555,195,880,1858,2861,5977,14246,11968,5666,758,2590,6592,2202,5776,4219,9432,7533,7200,20924,9722,15881,9176,6189,2617,667,75,1884,10,10933,672,7,171,0,1,5210,1404,21,0,0,0,0,0,39008,0,0,0,0,66,0,577,3,3831,0,0,0,0,5,0,0,333,57,0,0,0,0,0,0,0,0,0,7990,0,1,0,0,0,0,22,0,0,0,0,0,0,0,1,0,0,0,0,0,0,0,224,0,0,0,0,0,2,0,0,0,0,0,0,31619,0,0,0,0,0,0,9,0,0,2098,0,0,0,0,0,0,0,0,0,0,1,0,0,0,0,0,0,1,67,0,0,0,2,0,0,1,5,0,19,2,1,0,0,2,0,1,0,7,1794,0,6,1,2,0,32,11,1,1,0,1,0,0,0,3619,0,0,4,0,6,2,11,66,0,0,1,0,0,4,0,0,24,10,0,0,0,1,0,0,0,1,0,72,0,2,0,0,1,0,14,1,2,0,0,0,0,5,0,0,0,0,0,0,0,0,25,0,0,1,1,12,0,0,0,0,10,0,908,0,0,0,0,0,13,84,0,0,2,139,0,8,14,3,5,186,4,24,25,14,0
126-02,38679,267,1126,2053,5133,7720,10574,7312,3991,658,2248,5474,2465,6406,4868,9366,9625,8601,24777,9090,13523,6652,3990,2104,752,46,2383,6,10757,927,2,282,0,0,8141,1493,29,0,0,0,0,0,52568,0,0,0,0,38,0,690,3,6661,0,0,0,0,1,0,0,370,18,0,0,0,0,0,0,0,0,0,10318,0,0,0,0,0,0,5,0,0,0,0,0,0,0,0,0,0,0,0,0,0,0,126,0,0,0,0,0,0,0,0,0,0,0,0,21283,0,0,0,0,0,0,0,0,0,720,0,0,0,0,0,0,0,0,0,0,0,0,0,0,0,0,0,0,20,0,0,0,0,0,0,0,0,0,7,0,0,0,0,0,0,0,0,3,360,0,0,0,0,0,16,5,0,0,0,0,0,0,0,1173,0,0,0,0,4,0,7,23,0,0,0,0,0,1,0,0,12,4,0,0,0,0,0,0,1,0,0,72,0,1,0,0,0,0,10,0,0,0,0,0,0,0,0,0,0,0,0,0,0,0,27,0,0,0,0,7,0,0,0,0,3,0,797,0,0,0,0,0,4,51,0,0,0,126,0,0,7,0,0,86,5,12,19,16,0
126-03,30112,284,911,2415,6911,7814,7451,5243,2930,634,1378,3730,1901,4935,4466,8883,10803,7969,22676,7832,12402,6990,5807,3062,1037,101,2631,14,7930,778,1,200,0,0,10592,1914,21,0,0,0,0,0,49517,0,0,0,0,44,0,842,1,9454,0,0,0,0,5,0,0,1002,57,0,0,0,0,0,0,0,0,0,18287,0,2,0,0,0,0,16,0,0,0,0,0,0,0,1,0,0,0,0,0,0,0,880,0,0,0,0,0,8,0,0,0,0,0,0,27931,0,0,0,0,0,0,31,0,0,2858,0,0,0,0,0,0,0,0,0,0,4,0,0,0,0,0,0,0,102,0,0,0,3,0,0,1,8,0,14,3,3,2,0,8,0,3,0,10,752,2,3,1,6,0,29,8,3,0,0,0,0,0,0,1309,0,0,0,0,4,0,22,46,0,0,3,1,0,3,0,0,19,11,0,0,2,0,0,0,1,1,0,75,0,3,0,0,0,0,7,0,0,1,0,0,0,7,0,0,0,1,0,0,0,0,19,0,0,0,0,11,0,0,0,0,4,0,675,0,0,0,0,0,7,47,0,0,0,79,0,4,9,5,3,85,5,17,32,23,0
126-04,39692,371,1193,3434,8321,7310,6609,4392,3795,619,1660,3902,2022,5179,4664,9455,8973,6439,21908,8150,11822,6611,5903,2942,1127,67,1788,7,11491,597,0,114,0,0,7371,1210,12,0,0,0,0,0,42882,0,0,0,0,26,0,425,0,5484,0,0,0,0,1,0,0,570,27,0,0,0,0,0,0,0,0,0,12139,0,0,0,0,0,0,10,0,0,0,0,0,0,0,0,0,0,0,0,0,0,0,568,0,0,0,0,0,2,0,0,0,0,0,0,35564,0,0,0,0,0,0,40,0,0,3507,0,0,0,0,0,0,0,0,0,0,6,0,0,0,0,0,0,0,120,0,0,0,1,0,0,0,7,0,34,1,0,0,0,2,0,0,0,14,2115,3,8,1,5,0,59,11,2,1,0,0,0,0,0,2782,0,0,0,0,6,3,19,68,0,0,2,1,0,7,0,0,26,11,0,0,0,0,0,0,1,0,0,95,0,7,0,0,0,0,9,0,0,0,0,0,0,5,0,0,0,1,0,0,1,0,26,0,0,1,0,16,0,0,0,0,6,0,932,0,0,0,0,0,2,60,0,0,0,105,0,2,8,0,0,111,8,36,34,24,0
126-05,25655,438,1557,4239,8736,6810,5963,3872,3213,605,1167,3017,1636,4214,4195,8036,8286,5569,20721,9515,12580,7729,7110,3578,1288,85,1990,7,9671,664,0,152,0,0,7166,1390,18,0,0,0,0,0,47314,0,0,0,0,69,0,702,4,7427,0,0,0,0,2,0,0,883,52,0,0,0,0,0,0,0,0,0,20029,0,1,0,0,0,0,44,0,0,0,0,0,0,0,2,0,0,0,0,0,0,0,1539,0,0,0,0,0,28,0,0,0,0,0,0,38146,0,0,0,0,0,0,77,0,0,5216,0,0,0,0,0,1,1,0,0,0,10,0,0,0,2,0,0,5,185,0,0,0,8,0,0,3,13,0,23,15,3,1,0,11,0,1,0,18,1668,7,8,5,11,0,46,14,6,2,0,0,0,0,0,1455,0,0,1,0,6,4,20,36,0,0,2,1,0,5,0,0,18,6,0,0,0,0,0,0,1,0,0,73,0,1,0,0,0,0,11,0,0,0,0,0,0,6,0,0,0,0,0,0,0,0,31,0,0,0,0,15,0,0,0,0,12,2,705,0,1,0,0,0,4,49,0,0,0,104,0,5,8,0,1,84,3,18,25,13,0
126-06,27778,928,2542,5644,7421,4958,4363,2978,3328,611,1462,3177,1818,4455,4345,8295,8417,6211,20247,8835,11154,6746,5709,2746,1030,83,1805,7,9901,572,1,108,0,0,6824,1672,9,0,0,0,0,0,46231,0,0,0,0,67,0,871,14,7211,0,0,0,0,4,0,0,956,36,0,0,0,0,0,0,0,0,0,19549,0,1,0,0,0,0,32,0,0,0,0,0,0,0,0,0,0,0,0,0,0,0,1023,0,0,0,0,0,3,0,0,0,0,0,0,44930,0,0,0,0,0,0,38,0,0,4394,0,0,0,0,0,1,0,0,0,0,18,0,0,0,0,0,0,0,138,0,0,0,3,0,0,0,11,0,19,5,5,2,0,14,0,2,2,16,1727,4,8,6,15,0,38,19,4,5,0,0,0,0,0,1783,0,0,2,1,9,5,23,44,0,2,9,2,0,8,0,0,12,14,0,0,2,0,0,0,4,1,0,67,0,11,0,0,1,0,26,0,3,2,0,0,0,9,0,0,0,3,0,0,1,0,38,1,0,0,1,11,0,1,0,0,11,3,1002,0,1,0,0,0,9,70,0,0,0,144,0,8,19,0,5,127,9,45,39,10,0
126-07,35812,966,2792,5329,6809,4781,4510,2994,3786,779,1582,3380,2178,4665,5162,9155,10039,8097,22720,8299,10101,5514,4264,2188,655,35,2559,8,12303,894,6,193,0,0,8740,2656,27,0,0,0,0,0,52506,0,0,0,0,35,0,705,2,8086,0,0,0,0,2,0,0,601,23,0,0,0,0,0,0,0,0,0,14732,0,0,0,0,0,0,5,0,0,0,0,0,0,0,0,0,0,0,0,0,0,0,331,0,0,0,0,0,1,0,0,0,0,0,0,30365,0,0,0,0,0,0,6,0,0,1018,0,0,0,0,0,1,0,0,0,0,11,0,0,0,0,0,0,0,56,0,0,0,6,0,0,1,11,0,26,7,5,2,0,5,0,2,0,8,834,7,11,3,6,0,21,24,4,2,0,0,1,0,0,1915,0,3,0,1,9,10,19,39,0,1,6,1,0,8,0,0,19,9,0,0,0,0,0,0,1,0,0,84,0,9,0,0,0,0,15,0,0,1,0,0,0,6,0,0,0,0,0,0,0,0,26,0,0,0,0,8,0,0,0,0,7,0,1117,0,0,0,0,0,10,49,0,0,0,110,0,2,6,1,17,108,19,50,51,13,0
126-08,38441,934,2652,5474,5996,4910,5126,3486,3927,793,1510,3547,2210,4885,4907,9598,9829,8224,26523,8968,11055,5636,4073,2164,638,21,3409,8,13544,1286,6,204,0,0,11820,2864,29,0,0,0,0,0,53486,0,0,1,0,39,0,762,4,10778,0,0,0,0,3,0,0,435,15,0,0,0,0,0,0,0,0,0,10764,0,1,0,0,0,0,5,0,0,0,0,0,0,0,0,0,0,0,0,0,0,0,163,0,0,0,0,0,0,0,0,0,0,0,0,17895,0,0,0,0,0,0,2,0,0,320,0,0,0,0,0,1,0,0,0,0,6,0,0,0,0,0,0,1,34,0,0,0,4,0,0,0,9,0,22,4,1,0,0,8,0,1,0,8,330,5,8,5,5,0,13,10,3,6,0,0,1,2,0,1395,0,2,4,2,7,14,22,29,0,0,4,2,0,6,0,0,14,16,0,0,4,0,0,0,3,1,0,91,0,4,0,0,0,0,12,0,3,1,0,0,0,9,0,0,0,0,0,0,2,0,25,0,0,3,0,10,0,0,0,0,7,1,1261,0,0,0,0,0,8,56,0,0,0,110,0,3,8,0,3,95,7,39,37,23,0
126-09,31742,668,2730,4687,5467,5036,5898,3765,2948,669,1589,3563,1941,4506,4503,8097,8233,7069,22365,10370,14731,7678,5880,3100,922,47,3094,7,8003,930,3,228,0,0,8097,2123,37,0,0,0,0,0,44374,0,0,0,0,71,0,948,6,9449,0,0,0,0,1,0,0,619,30,0,0,0,0,0,0,0,0,0,17085,0,1,0,0,0,0,21,0,0,0,0,0,0,0,0,0,0,0,0,0,0,0,732,0,0,0,0,0,11,0,0,0,0,0,0,35824,0,0,0,0,0,0,21,0,0,2624,0,0,0,0,0,0,0,0,0,0,7,0,0,0,0,0,0,0,59,0,0,0,1,0,0,0,6,0,24,6,0,0,0,5,0,0,0,10,960,2,9,0,5,0,31,21,1,0,0,0,0,0,0,1868,0,0,0,0,16,0,18,37,0,0,0,0,0,2,0,0,23,9,0,0,0,0,0,0,1,1,0,83,0,7,0,0,0,0,9,0,1,0,0,0,0,2,0,0,0,0,0,0,0,0,33,0,0,0,0,15,0,0,0,0,8,0,1019,0,0,0,0,0,5,49,0,0,0,112,0,1,6,0,1,110,2,27,25,20,0
126-10,33093,291,1755,3279,5491,5925,8116,6442,4222,795,2347,5532,2092,5105,4646,9395,8117,7588,22692,11474,14713,9128,5495,2928,612,15,2643,5,8001,897,0,132,0,0,7006,2331,13,0,0,0,0,0,41700,0,0,0,0,84,0,1295,7,9517,0,0,0,0,2,0,0,494,45,0,0,0,0,0,0,0,0,0,12881,0,0,0,0,0,0,8,0,0,0,0,0,0,0,0,0,0,0,0,0,0,0,293,0,0,0,0,0,0,0,0,0,0,0,0,32496,0,0,0,0,0,0,2,0,0,990,0,0,0,0,0,0,0,0,0,0,2,0,0,0,0,0,0,0,35,0,0,0,4,0,0,1,5,0,20,7,5,0,0,6,0,2,0,18,680,4,21,2,10,0,33,14,10,1,0,0,0,0,0,2446,0,0,2,0,10,1,9,45,0,0,9,1,0,2,0,0,16,8,0,0,1,0,0,0,3,1,0,104,0,9,0,0,0,0,13,0,9,1,0,0,0,4,0,0,0,2,0,0,2,0,27,0,0,5,0,16,0,0,0,0,10,4,947,0,2,0,0,0,5,81,0,0,0,147,0,9,12,0,0,181,6,17,13,10,0
126-11,30551,473,2240,4961,8399,5202,3930,2755,3197,663,1203,2719,1767,3990,4834,9391,9786,6765,22310,9347,10762,6646,5790,2793,994,59,2011,6,10334,888,1,137,0,0,8099,2117,7,0,0,0,0,0,51774,0,0,0,0,69,0,712,2,8285,0,0,0,0,6,0,0,605,36,0,0,0,0,0,0,0,0,0,18056,0,0,0,0,0,0,24,0,0,0,0,0,0,0,1,0,0,0,0,0,0,0,559,0,0,0,0,0,6,0,0,0,0,0,0,36108,0,0,0,0,0,0,9,0,0,1608,0,0,0,0,0,2,0,0,0,0,4,0,0,0,1,0,0,1,67,0,0,0,3,1,0,1,15,0,32,9,2,1,0,6,0,4,0,8,1077,3,9,3,7,0,45,21,4,3,0,0,0,0,0,1439,0,0,0,0,6,1,11,26,0,0,4,0,0,8,0,0,18,5,0,0,0,0,0,0,3,1,0,71,0,6,0,0,0,0,12,0,6,0,0,0,0,7,0,0,0,3,0,0,0,0,28,0,0,2,2,5,0,0,0,0,9,1,889,0,2,0,0,0,10,41,1,0,0,81,0,9,15,0,0,76,10,34,31,11,0
126-12,33909,603,2672,5518,7780,5298,4132,3285,3473,1902,2485,4128,3211,4925,5634,9892,10180,6279,20374,7289,8425,5037,4355,2513,788,162,2333,89,11388,883,20,184,2,2,8278,2003,10,0,0,0,0,0,51918,0,0,0,0,74,0,728,7,7651,0,0,1,0,1,0,0,574,33,0,0,0,0,0,0,0,0,0,16037,0,0,0,0,0,0,16,0,0,0,0,0,0,0,0,0,0,0,0,0,0,0,501,0,0,0,0,0,1,0,0,0,0,0,0,34206,0,0,0,0,0,1,3,0,0,1511,0,0,0,0,0,4,1,0,0,0,5,0,0,0,1,0,0,2,99,0,0,0,2,0,0,2,12,0,30,10,3,4,0,8,0,4,1,18,1103,2,5,2,12,0,40,26,5,7,0,0,0,0,0,1671,0,0,2,0,12,0,18,36,0,0,1,0,0,7,0,0,19,5,0,0,2,0,0,0,2,0,0,64,0,6,0,0,0,0,11,0,3,0,0,0,0,7,0,0,0,0,0,0,1,0,19,0,0,1,0,9,0,0,0,0,8,0,847,0,0,0,0,0,7,39,0,0,0,97,0,6,10,1,2,120,6,25,11,13,0
126-13,8925,7761,6375,4007,1118,2177,789,2705,4004,2149,4272,3938,3528,3340,5498,8172,5900,1635,7817,2714,4385,3316,2432,2489,1848,1338,1171,280,996,1136,29,614,0,1,566,343,105,3,0,0,0,0,706,0,0,4,0,73,0,169,17,305,0,0,0,0,12,0,0,142,49,0,0,0,0,0,0,0,0,0,169,0,20,0,0,0,0,34,0,1,0,0,0,0,0,8,0,0,0,0,0,0,0,90,0,0,0,0,0,21,0,0,0,1,1,0,386,0,0,0,0,0,2,116,0,0,379,0,0,0,1,0,65,9,1,0,0,399,0,1,86,94,0,1,586,1669,5,76,1629,1245,1298,3804,7341,11710,18726,3193,35642,17202,33364,310,21182,5293,7835,2658,2587,3338,1995,2037,1675,1418,5,500,455,377,112,0,7,4,2,0,734,0,5,11,0,48,18,127,184,0,1,10,7,0,20,0,0,79,41,0,0,2,0,0,0,10,0,0,120,0,25,0,0,0,0,26,0,6,1,0,0,0,24,0,0,1,12,0,0,1,0,90,2,0,7,12,43,0,3,1,0,59,13,315,0,9,3,0,0,28,185,13,1,32,253,24,79,122,94,151,470,213,539,1009,1399,0
126-14,82053,4604,1981,1546,506,1202,1226,3351,12209,3960,6088,9399,8463,6998,9048,9949,7366,2227,6580,1219,698,588,343,432,284,0,651,4,10978,286,3,112,0,0,1541,178,13,0,0,0,0,0,8139,0,0,0,0,5,0,24,0,333,0,0,0,0,0,0,0,34,5,0,0,0,0,0,0,0,0,0,805,0,0,0,0,0,0,6,0,0,0,0,0,0,0,0,0,0,0,0,0,0,0,24,0,0,0,0,0,0,0,0,0,0,0,0,17405,0,0,0,0,0,0,7,0,0,592,0,0,0,0,0,0,0,0,0,0,21,0,0,0,0,0,0,0,1068,0,0,0,3,0,0,0,11,1,144,5,2,0,0,8,0,1,0,11,12898,2,5,4,8,0,972,33,1,0,0,0,0,0,0,20189,0,0,1,0,8,3,40,1147,0,0,2,0,0,0,0,0,110,10,0,0,0,0,0,0,0,0,0,2170,0,3,0,0,0,0,15,0,0,0,0,0,0,5,0,0,0,0,0,0,0,0,241,0,0,0,0,67,0,0,0,0,17,1,23179,0,0,0,0,0,25,1129,0,0,4,5841,4,39,105,53,86,1443,666,2488,5382,4064,0
127-01,31875,46,79,175,73,92,221,973,1921,510,922,3403,1765,3864,6365,13588,13529,11578,27589,12723,11930,8424,4505,3735,1229,194,3387,174,2589,1795,120,456,13,22,4373,1868,188,20,0,13,11,11,48303,1,10,19,2,244,12,1493,37,14033,4,6,20,6,49,9,13,2678,305,11,7,17,9,6,14,13,13,14,24938,21,26,16,28,21,30,119,24,38,70,98,165,98,26,13,0,0,0,3,0,0,0,2082,0,0,1,0,0,24,0,0,0,1,2,0,29366,2,0,0,0,0,3,36,0,0,3234,0,0,1,2,0,13,5,0,0,0,38,0,0,4,11,0,0,37,110,0,1,26,15,11,19,19,33,30,51,58,30,48,9,43,7,29,10,35,354,14,31,22,17,0,51,35,11,6,0,1,1,0,0,708,0,3,3,0,7,3,21,34,0,2,3,0,0,6,0,0,10,8,0,0,2,0,0,0,3,1,0,58,0,7,0,0,0,0,4,0,1,0,0,0,0,4,0,0,0,2,0,0,0,0,9,0,0,0,0,5,0,0,0,0,4,0,501,0,0,0,0,0,5,43,0,0,0,72,0,0,8,3,10,104,24,36,35,32,0
127-02,31767,54,100,162,120,170,221,788,1674,593,965,2399,2140,4056,7903,12175,14638,13230,22579,8818,8516,4983,2888,2711,861,104,3778,130,3235,1774,100,554,15,16,5448,1783,216,17,1,14,10,8,52748,6,11,15,0,254,6,1451,51,13215,6,14,14,4,51,6,8,3576,367,5,8,11,11,10,10,21,12,12,31693,11,29,11,26,18,15,105,28,37,51,70,139,119,48,13,8,0,0,0,0,0,0,2600,0,0,0,0,0,20,0,0,0,0,0,0,31645,0,0,0,0,0,0,14,0,0,4008,0,0,0,0,0,3,0,0,0,0,15,0,0,0,1,0,0,4,112,0,0,0,14,1,0,3,21,0,40,25,9,6,0,39,0,5,2,29,400,13,20,3,16,0,29,26,5,3,0,0,0,0,0,814,0,0,0,0,10,1,28,44,0,0,2,0,0,7,0,0,13,4,0,0,0,0,0,0,0,0,0,51,0,3,0,0,0,0,17,0,1,0,0,0,0,1,0,0,0,0,0,0,0,0,24,0,0,0,0,14,0,0,0,0,3,0,600,0,0,0,0,0,1,49,0,0,0,82,0,0,2,0,2,79,30,50,60,39,0
127-03,30840,90,173,195,131,194,225,790,1798,540,889,2240,2019,3540,6172,9442,11109,11423,22354,10531,11328,7060,4180,2637,871,73,2309,104,2695,1235,108,621,17,29,3146,1137,257,23,5,17,21,12,50440,5,24,34,15,260,18,1812,58,13474,18,9,18,18,64,17,24,3736,456,17,18,25,30,18,23,41,33,25,38026,55,37,35,33,27,20,112,29,20,63,75,132,125,39,14,1,0,0,0,0,0,0,2340,0,0,0,0,0,15,0,0,0,0,0,0,35798,0,0,0,0,0,0,31,0,0,3530,0,0,0,0,0,4,0,0,0,0,12,0,0,0,0,0,0,0,80,0,0,1,8,0,0,0,14,0,39,11,4,2,0,20,0,15,1,31,470,12,24,13,17,0,51,25,6,8,0,0,0,0,0,909,0,1,1,0,18,11,42,43,0,2,4,6,0,5,0,3,45,21,0,0,2,0,0,0,2,0,0,106,0,8,0,0,0,0,15,0,2,0,0,0,0,7,0,0,0,0,0,0,0,0,33,0,0,0,0,13,0,0,0,0,2,0,629,0,0,0,0,0,3,52,0,0,0,140,0,3,10,1,4,111,56,50,61,44,0
127-04,30793,71,146,172,191,256,229,754,1480,441,862,1749,2103,3463,5671,8061,11198,10305,21331,9058,10060,6688,4170,2841,954,101,2890,91,3315,1532,103,599,19,14,4588,1699,207,33,11,14,17,10,48542,2,20,30,11,220,12,1745,49,14313,26,17,18,16,57,13,22,4211,373,31,23,32,23,28,31,36,28,38,41418,31,43,21,27,17,20,109,23,30,47,70,127,93,38,19,5,0,0,0,0,0,0,2824,0,0,0,0,0,20,0,0,0,0,0,0,37647,0,0,0,0,0,0,26,0,0,3234,0,0,0,0,0,3,0,0,0,0,16,0,0,0,1,0,0,7,76,0,0,1,7,0,0,4,22,0,28,25,7,7,0,19,0,10,2,16,507,3,17,8,13,0,47,28,4,7,0,0,1,0,0,748,0,0,1,0,18,5,33,51,0,0,3,3,0,2,0,0,31,9,0,0,0,0,0,0,5,0,0,88,0,1,0,0,0,0,13,0,1,0,0,0,0,1,0,0,0,0,0,0,0,0,25,0,0,1,0,8,0,0,0,0,3,1,647,0,0,0,0,0,0,36,0,0,0,128,0,1,2,0,6,71,30,97,60,39,0
127-05,26480,82,153,204,222,347,291,744,1503,640,1034,1902,2208,3744,6075,8228,13103,9899,19725,8955,8470,7298,3906,2704,962,142,2444,120,3343,1471,106,676,13,28,3651,1386,209,25,4,15,21,6,46865,12,12,23,14,224,10,1529,38,11119,13,18,20,19,51,14,25,5314,444,22,18,29,20,43,23,42,23,31,51887,30,23,25,25,26,16,234,21,24,46,63,121,103,40,23,8,1,0,0,0,0,0,3851,0,0,0,0,0,36,0,0,0,0,0,0,35558,0,0,0,0,0,0,37,0,0,3436,0,0,0,0,0,5,0,0,0,0,18,0,0,0,2,0,0,2,98,0,0,0,7,1,0,9,22,4,36,20,9,4,0,26,1,6,2,21,473,9,18,8,5,0,27,18,11,7,0,0,0,0,0,763,0,4,2,0,5,7,20,34,0,0,0,1,0,1,0,0,10,7,0,0,0,0,0,0,0,0,0,87,0,1,0,0,0,0,6,0,0,0,0,0,0,1,0,0,0,0,0,0,0,0,12,0,0,0,0,2,0,0,0,0,1,0,676,0,0,0,0,0,2,42,0,0,0,118,0,0,3,0,11,85,41,78,86,37,0
127-06,26901,91,145,162,160,310,275,778,1508,639,1277,2072,2967,4432,7857,9546,14493,9550,17145,8092,8255,5356,2868,2009,667,115,1536,93,3103,980,85,530,9,27,2778,1124,148,24,18,14,12,14,49806,6,11,20,4,293,9,1995,48,12949,5,13,12,5,57,12,7,6591,454,14,6,11,11,23,9,26,14,14,56028,28,34,49,59,50,50,308,51,79,74,71,108,102,33,16,0,0,0,0,0,0,0,3133,0,0,0,0,0,15,0,0,0,0,0,0,31516,0,0,0,0,0,0,24,0,0,2145,0,0,0,0,0,4,0,0,0,0,19,0,0,0,0,0,0,4,108,0,0,0,9,1,0,6,23,0,25,19,10,4,0,24,0,3,5,11,421,7,12,2,9,0,42,13,1,5,0,0,0,0,0,644,0,0,1,0,4,1,6,18,0,0,0,0,0,1,0,0,13,5,0,0,0,0,0,0,0,0,0,50,0,0,0,0,0,0,4,0,0,0,0,0,0,0,0,0,0,0,0,0,0,0,8,0,0,0,0,2,0,0,0,0,0,0,600,0,0,0,0,0,0,17,0,0,0,95,0,1,2,4,12,95,32,93,82,60,0
127-07,26553,85,144,184,143,195,230,662,1471,475,988,1975,2199,3616,6279,9104,12655,9980,19732,10980,10700,7260,4080,2512,818,122,1717,103,2682,1115,67,572,15,21,2655,1456,128,28,16,16,25,9,44907,18,15,13,2,521,7,3909,50,14143,10,23,21,9,49,15,16,5652,494,24,22,18,17,22,20,34,13,31,55446,40,75,122,120,134,111,253,72,66,59,71,110,116,48,27,3,1,0,0,0,0,0,2008,0,0,0,0,0,7,0,0,0,0,0,0,30222,0,0,0,0,0,0,11,0,0,1460,0,0,0,0,0,2,1,0,0,0,27,0,0,0,1,0,0,1,76,0,0,3,7,2,0,8,20,0,29,12,5,5,0,16,0,4,1,12,430,6,13,6,13,0,38,20,9,5,0,0,0,0,0,667,0,3,1,0,8,8,26,32,0,0,9,4,0,2,0,0,22,15,0,0,2,0,0,0,1,0,0,79,0,2,0,0,0,0,14,0,1,0,0,0,0,2,0,0,0,0,0,0,0,0,22,0,0,0,0,2,0,0,0,0,1,0,672,0,0,0,0,0,0,30,0,0,0,100,0,1,4,5,7,70,40,61,60,31,0
127-08,30041,66,136,154,112,144,246,860,1819,518,1123,2559,2378,4291,6914,10827,12785,11149,22910,11222,9716,6342,3591,2239,782,138,1872,157,2577,1175,122,602,20,24,2365,1578,110,19,21,19,19,5,39524,18,12,15,2,372,11,3095,26,13298,9,26,30,10,40,13,22,4069,272,18,19,30,13,32,19,43,24,35,51807,47,52,128,154,101,141,178,68,58,72,66,120,99,40,19,8,0,0,0,0,0,0,1676,0,0,0,0,0,2,0,0,0,0,0,0,33629,0,0,0,0,0,0,11,0,0,1274,0,0,0,0,0,0,0,0,0,0,11,0,0,0,0,0,0,1,81,0,0,1,10,1,0,0,37,0,53,27,15,1,0,19,0,4,3,23,347,12,11,3,7,0,46,16,3,4,0,0,1,1,0,652,0,2,2,0,5,2,8,18,0,2,4,3,0,5,0,0,10,10,0,0,0,0,0,0,1,0,0,56,0,3,0,0,0,0,9,0,1,0,0,0,0,3,0,0,0,0,0,0,0,0,13,0,0,0,0,8,0,0,0,0,1,0,598,0,0,0,0,0,1,31,0,0,0,101,0,2,3,0,4,68,32,84,65,61,0
127-09,28339,69,112,201,120,145,214,928,2235,457,997,3040,1921,3744,5838,11114,13105,13360,26360,12305,10375,6577,3967,2746,928,194,2337,112,2717,1491,71,929,22,25,2814,1900,218,23,12,13,17,9,37241,13,17,22,3,749,13,4958,73,14377,12,22,22,15,70,16,27,4701,429,21,29,30,11,29,12,34,23,35,51888,61,57,114,128,115,148,203,52,83,76,74,121,96,40,21,4,0,0,0,0,0,0,1067,0,0,0,0,0,3,0,0,0,0,0,0,24521,0,0,0,0,0,1,10,0,0,672,0,0,0,0,0,4,1,0,0,0,27,0,0,0,6,0,0,4,103,0,0,1,7,0,0,1,20,2,42,22,10,3,0,20,2,7,1,24,300,3,18,4,5,0,49,23,4,2,0,0,0,0,0,555,0,2,0,0,4,4,18,30,0,0,3,0,0,2,0,0,10,6,0,0,1,0,0,0,1,0,0,51,0,3,0,0,0,0,3,0,0,0,0,0,0,1,0,0,0,0,0,0,0,0,15,0,0,0,0,11,0,0,0,0,1,0,650,0,0,0,0,0,2,45,0,0,0,144,0,2,3,2,3,99,28,51,36,39,0
127-10,49856,30,116,254,71,83,366,1444,1842,452,1193,3986,1789,4218,6150,12263,13118,11798,26300,14196,14058,10176,6125,4028,1691,158,3033,127,3569,2155,74,742,29,19,4456,2965,118,26,6,19,26,12,45188,19,19,18,4,378,14,2983,33,11861,16,22,20,10,30,21,17,866,125,28,22,20,18,17,15,39,46,49,18397,86,64,109,150,115,127,99,57,34,61,78,126,102,46,22,4,1,0,0,0,0,0,180,0,0,0,0,1,7,0,0,0,5,0,0,17220,0,0,0,0,0,1,27,0,0,219,0,0,0,0,0,11,2,1,0,0,29,0,1,1,14,0,0,26,99,3,4,28,41,18,25,45,64,52,55,107,79,89,48,100,67,108,78,76,361,44,82,74,44,17,63,42,34,25,0,4,4,3,0,1166,0,1,3,1,14,2,24,39,0,1,2,0,0,4,0,0,17,8,0,0,1,0,0,0,2,0,0,98,0,5,0,0,0,0,5,0,0,0,0,0,0,3,0,0,0,0,0,0,0,0,14,0,0,0,0,8,0,0,0,0,4,0,1018,0,0,0,0,0,2,47,0,0,0,104,0,0,3,1,2,93,13,16,23,15,0
127-11,32620,85,172,195,204,316,295,803,1603,837,1366,2025,2827,4529,8060,9474,13550,10105,17190,8839,8704,5581,2357,1451,619,114,1474,91,3401,1036,90,585,13,26,3016,1561,142,26,12,11,20,6,58871,29,12,13,0,323,7,2518,31,11959,5,25,32,6,35,11,17,3299,285,25,27,14,17,24,20,34,30,29,47007,43,55,86,131,137,129,192,95,68,71,56,131,103,38,13,6,1,0,0,0,0,0,1586,0,0,0,0,0,6,0,0,0,0,0,0,30098,0,0,0,0,0,0,19,0,0,1164,0,0,0,0,0,8,1,0,0,0,26,0,0,0,4,0,0,4,99,0,0,0,15,0,0,4,35,0,33,9,6,7,0,23,0,9,1,16,309,13,15,4,9,0,21,10,3,6,0,0,0,0,0,723,0,0,3,0,10,5,10,16,0,0,1,3,0,4,0,0,14,6,0,0,0,0,0,0,1,0,0,69,0,3,0,0,0,0,3,0,0,0,0,0,0,2,0,0,0,0,0,0,0,0,18,0,0,0,0,2,0,0,0,0,0,0,760,0,0,0,0,0,3,35,0,0,0,122,0,3,1,6,13,78,20,88,68,56,0
127-12,29294,170,279,278,241,446,328,995,1600,1873,2878,3485,5531,6056,8858,9186,12367,9520,15713,7976,6838,3799,1867,1244,645,186,1367,153,2749,1006,106,618,16,20,2578,1516,183,22,17,11,26,9,50365,14,8,11,1,438,15,3145,58,12045,4,27,22,18,59,10,15,4450,387,20,18,13,20,27,18,37,23,26,54035,39,51,101,152,118,106,183,74,63,89,64,107,110,53,27,8,0,0,0,0,0,0,2019,0,0,0,0,0,9,0,0,0,0,0,0,32209,0,0,0,0,0,0,16,0,0,1474,0,0,0,0,0,5,1,0,0,0,21,0,0,0,0,0,0,3,94,0,0,1,8,0,0,6,19,1,48,20,12,3,0,25,1,2,7,27,413,6,16,10,13,1,60,17,8,6,0,1,3,0,0,719,0,3,2,0,8,3,10,29,0,0,1,0,0,3,0,0,12,6,0,0,0,0,0,0,1,0,0,69,0,1,0,0,0,0,5,0,0,0,0,0,0,0,0,0,0,0,0,0,0,0,13,0,0,0,0,2,0,0,0,0,0,0,642,0,0,0,0,0,2,27,0,0,0,97,0,3,7,1,4,44,16,48,55,58,0
127-13,3003,897,1329,1023,1007,3173,1002,3352,3738,3372,4790,4868,6203,3803,8104,7238,8977,3168,7233,2982,3857,3051,2127,2440,1073,551,762,116,803,412,40,248,0,13,683,401,64,7,9,7,12,1,1858,1,3,5,22,106,11,466,27,935,9,6,11,2,61,9,8,637,217,1,5,17,3,26,5,16,8,8,1310,17,61,13,7,8,7,202,0,20,13,14,18,24,3,53,20,33,40,50,83,97,141,533,116,210,147,142,60,94,10,0,5,29,7,3,1306,4,0,4,2,0,14,298,0,0,446,3,0,15,24,3,141,71,17,6,0,595,0,80,251,448,46,8,1362,2257,99,1095,7470,3030,4299,12600,20874,21136,26631,8729,44437,8011,21090,823,5708,3109,393,429,272,680,44,126,59,40,1,169,72,26,16,0,1,3,0,0,607,0,5,3,3,19,12,47,96,0,0,5,6,0,7,0,0,47,26,0,0,3,1,0,0,11,7,0,151,0,17,0,0,4,0,20,0,8,2,2,0,0,20,0,0,0,8,0,0,2,0,48,2,0,7,16,13,0,3,0,1,32,10,407,0,21,4,0,0,19,151,7,9,34,175,61,137,142,160,265,415,182,361,464,30,0
127-14,103875,323,819,881,1219,2964,1919,5513,10318,9297,10492,12040,7748,12101,6243,7255,3770,758,3803,626,294,288,224,358,140,16,772,14,12638,298,20,88,0,12,3353,509,17,1,6,16,15,2,31753,0,2,2,21,26,13,177,6,1965,17,2,12,3,21,8,18,194,36,1,13,15,7,37,5,18,18,21,2576,41,38,21,38,50,36,131,1,96,38,91,55,74,0,36,60,28,69,35,52,66,53,104,28,14,13,0,3,2,1,0,0,0,0,0,18920,0,0,0,0,0,0,3,0,0,429,0,0,0,0,0,0,0,0,0,0,2,0,0,0,0,0,0,0,164,0,0,1,1,0,0,0,6,0,31,3,1,0,0,6,0,0,0,18,3076,3,9,1,10,0,81,35,7,7,0,0,0,0,0,8156,0,0,4,0,16,2,26,127,0,0,1,0,0,5,0,0,62,5,0,0,0,0,0,0,1,0,0,1375,0,5,0,0,0,0,17,0,0,0,0,0,0,6,0,0,0,0,0,0,0,0,76,0,0,0,0,18,0,0,0,0,3,0,13662,0,0,0,0,0,5,116,0,0,0,507,0,9,22,24,42,301,96,183,172,36,0
128-01,92661,66,185,309,123,206,449,1427,6690,1088,2373,4642,4798,6863,7959,11684,9976,5929,15408,4011,1400,366,385,903,119,7,2520,3,11862,698,0,98,0,0,6856,1564,7,0,0,0,0,0,35756,0,0,0,0,40,0,408,4,4130,0,0,0,0,3,0,0,604,37,0,0,0,0,0,0,1,0,0,8550,0,0,2,0,0,0,17,0,0,0,0,0,0,0,0,0,0,0,0,0,0,0,339,0,0,0,0,0,7,0,0,0,1,0,0,28218,0,0,0,0,0,0,30,0,0,698,0,0,1,0,0,21,4,0,0,0,55,0,0,1,11,0,0,19,188,0,0,9,24,9,3,22,61,2,82,33,20,5,0,11,0,4,2,26,816,5,14,1,2,0,115,27,2,1,0,0,0,0,0,8522,0,0,0,0,5,0,23,363,0,0,1,0,0,2,0,0,183,32,0,0,0,0,0,0,5,0,0,1986,0,19,0,0,0,0,116,0,6,0,0,0,0,31,0,0,0,2,0,0,0,0,556,0,0,0,0,144,0,0,0,0,25,0,7856,0,0,0,0,0,16,639,0,0,0,2101,0,4,8,2,3,433,3,15,17,6,0
128-02,12833,110,254,390,208,278,492,1627,3267,1524,3060,5633,7026,8994,10547,11702,8871,4680,6459,1337,422,193,184,369,52,12,751,19,6648,210,1,38,0,0,3230,397,3,0,0,0,0,0,15219,0,0,0,0,4,0,136,0,2730,0,0,0,0,0,0,0,384,7,0,0,0,0,0,0,0,0,0,3135,0,2,0,0,0,0,8,0,0,0,0,0,0,0,1,0,0,0,0,0,0,0,201,0,0,0,0,0,27,0,0,0,1,0,0,17546,0,0,0,0,0,0,1483,0,0,9764,0,0,0,0,0,143,3,0,0,0,4905,0,0,0,7,0,0,15,39057,0,0,4,29,0,0,19,839,2,9061,144,33,8,0,66,1,8,4,693,54113,21,70,16,33,0,20510,3945,13,7,0,0,0,0,0,7884,0,0,1,0,116,2,1433,3902,0,0,3,0,1,16,0,0,295,71,0,0,2,0,0,0,2,0,0,1107,0,17,0,0,0,0,70,0,4,0,0,0,0,16,0,0,0,0,0,0,0,0,291,0,0,0,0,69,0,0,0,0,4,0,3905,0,0,0,0,0,13,299,0,0,0,935,0,5,20,0,4,312,18,60,37,48,0
128-03,10140,105,159,287,99,182,260,933,2133,511,1307,2457,2786,4830,7090,9567,11694,7969,12542,4552,3462,1273,364,472,78,1,962,3,4577,289,5,52,0,2,2585,534,20,3,0,0,1,0,14534,0,0,10,0,15,9,172,15,2501,0,0,7,0,5,0,0,510,31,0,0,2,0,0,0,5,0,0,4365,1,4,2,0,1,0,42,0,4,0,0,0,0,0,4,0,0,1,4,0,0,1,454,0,0,1,0,0,148,0,0,0,52,16,0,2500,0,0,0,0,0,864,5273,0,0,1382,0,0,172,2847,0,24248,12858,8,0,0,21862,0,1,62,18630,0,0,3788,37780,1,0,126,8992,35,12,346,20799,7,3588,9153,1101,29,0,2124,1,12,2,2632,709,145,802,9,97,0,343,321,4,2,0,0,0,0,0,1600,0,0,1,1,23,3,112,375,0,0,0,0,0,1,0,0,111,18,0,0,0,0,0,0,1,0,0,540,0,2,0,0,0,0,18,0,1,0,0,0,0,2,0,0,0,0,0,0,0,0,120,0,0,0,0,25,0,0,0,0,3,0,2431,0,0,0,0,0,5,95,0,0,0,540,0,3,7,1,0,169,13,38,37,35,0
128-04,12029,78,230,267,168,216,262,1064,2304,592,1582,2909,3345,5523,8154,10539,11690,7311,10875,3645,2345,691,209,388,41,0,787,1,4443,205,7,41,1,4,2028,328,14,4,0,0,0,0,14567,0,0,2,0,9,2,88,4,1722,0,0,1,0,0,0,0,312,11,0,0,0,0,0,0,0,0,0,3698,0,3,0,0,0,0,27,0,0,0,0,0,0,0,5,0,0,0,0,0,0,0,354,0,0,0,0,0,116,0,0,0,46,13,0,2913,0,0,0,0,0,926,6468,0,0,1586,0,0,138,2651,0,28801,14453,0,0,0,25345,0,1,28,14951,1,0,2573,35551,0,0,61,6557,19,0,258,21387,4,4045,7853,685,30,0,1564,3,34,2,2955,814,90,724,17,75,0,480,358,17,9,0,0,0,0,0,1660,0,0,2,0,28,3,109,402,0,0,0,1,0,10,0,0,170,34,0,0,0,0,0,0,0,0,0,737,0,11,0,0,0,0,27,0,1,1,0,0,0,3,0,0,0,0,0,0,1,0,172,1,0,0,0,25,0,0,0,0,8,0,2834,0,1,1,0,0,8,152,0,0,2,652,1,5,17,0,0,235,13,41,57,48,0
128-05,11349,96,207,253,106,169,270,1034,2650,751,1968,3054,3841,5882,8284,10255,11752,7621,11430,3800,2522,667,306,301,45,0,823,5,5030,225,20,73,0,7,2396,395,46,10,0,1,7,0,15453,0,2,4,0,10,1,131,3,2468,0,0,3,0,2,0,0,474,23,0,0,0,0,0,0,0,0,0,3944,0,3,0,0,0,0,29,0,0,0,0,0,0,0,4,0,0,0,1,0,0,0,202,0,0,0,1,0,38,0,0,0,13,4,0,2201,0,0,0,0,0,145,951,0,0,490,0,0,137,1001,0,3800,3024,84,0,0,14561,0,1,2361,21751,0,0,45267,18630,0,0,2648,23156,59,11,7185,5645,16,832,6856,8735,82,0,5550,0,107,5,790,612,1073,889,73,253,0,294,183,30,3,0,1,0,0,0,1494,0,0,1,0,21,4,117,451,0,0,0,0,0,7,0,0,195,33,0,0,0,0,0,0,0,0,0,706,0,7,0,0,0,0,24,1,1,0,0,0,0,6,0,0,0,0,0,0,0,0,151,0,0,0,0,31,0,1,0,0,4,0,2680,0,1,0,0,0,7,175,0,0,0,646,0,4,14,3,7,201,22,83,81,65,0
128-06,11386,136,187,267,167,229,318,1240,2952,1531,2766,3709,5346,7321,9171,10936,10395,6162,8800,2027,795,207,132,326,45,9,816,5,5044,238,13,70,0,9,2712,492,32,9,0,0,3,0,13923,0,0,1,0,14,0,134,0,2213,0,0,0,0,0,0,0,451,21,0,0,0,0,0,0,0,0,0,3613,0,3,0,0,0,0,36,0,0,0,0,0,0,0,6,0,0,0,0,0,0,0,284,0,0,1,0,0,71,0,0,0,33,6,0,2397,0,0,0,0,0,532,3321,0,0,1154,0,0,120,1980,0,16954,10737,9,0,0,14437,0,0,81,24627,0,0,8764,40405,0,0,165,15727,33,6,723,17031,21,2520,10868,2065,46,0,3288,0,45,4,2519,508,268,1335,24,152,0,290,337,11,0,0,0,0,0,0,1256,0,0,1,0,25,0,87,207,0,0,0,0,0,4,0,0,121,25,0,0,0,0,0,0,0,0,0,682,0,3,0,0,0,0,32,0,0,0,0,0,0,4,0,0,0,0,0,0,0,0,174,0,0,0,0,42,0,1,0,0,5,0,2715,0,0,1,0,0,3,189,0,0,2,763,0,2,11,2,5,221,28,97,99,76,0
128-07,9707,119,172,246,121,187,252,883,2670,951,2034,2934,3820,5692,7406,10367,11834,8343,12333,3915,2057,557,232,404,78,15,892,7,4953,289,10,56,0,2,2676,482,34,6,0,0,1,0,14965,0,0,3,0,14,0,170,4,2681,0,0,0,0,2,0,0,434,14,0,0,0,0,0,0,0,0,0,3195,0,0,0,0,0,0,26,0,0,0,0,0,0,0,1,0,0,0,0,0,0,0,182,0,0,0,0,0,76,0,0,0,12,3,0,1746,0,0,0,0,0,288,2670,0,0,1404,0,0,63,1148,0,13172,6527,4,1,0,12805,0,1,101,22198,0,0,10177,40675,0,0,193,19646,19,11,993,18138,13,2800,12906,2948,61,0,4431,0,47,5,2841,617,408,1939,33,270,0,309,300,26,4,0,1,1,0,0,1126,0,1,4,0,31,4,72,205,0,0,3,2,0,10,0,0,153,43,0,0,0,0,0,0,5,0,0,633,0,14,0,0,0,0,72,0,0,1,0,0,0,13,0,0,0,0,0,0,0,0,257,0,0,1,0,56,0,0,0,0,6,2,2561,0,5,1,0,0,3,251,2,0,1,792,0,5,8,1,3,158,29,63,75,69,0
128-08,10353,135,209,294,171,272,379,1103,2789,2353,3383,4257,5811,7525,9955,11503,11340,5527,7328,1335,477,221,161,354,55,12,787,4,3748,266,14,59,0,2,2330,460,31,1,0,0,4,0,13114,0,0,7,0,23,0,218,5,2314,0,0,1,0,5,0,0,628,35,0,0,0,0,0,0,1,0,0,5628,0,4,0,0,0,0,55,0,0,0,0,0,0,0,3,0,0,0,0,0,0,0,603,0,0,0,0,0,211,0,0,0,86,33,0,3573,0,0,0,0,0,1502,9564,0,0,3130,0,0,183,2959,0,30342,17910,8,0,0,18496,0,0,51,19037,0,0,3726,34844,0,1,123,8114,38,25,310,14271,20,2146,7184,936,36,0,1438,1,28,4,1812,631,69,493,3,41,0,223,212,5,1,0,0,0,0,0,1090,0,0,1,0,7,0,28,173,1,0,4,0,0,2,0,0,142,16,0,0,0,0,0,0,0,0,0,651,0,5,0,0,0,0,23,0,0,0,0,0,0,3,0,0,0,0,0,0,0,0,157,1,0,0,1,26,0,0,0,0,4,2,2288,0,0,1,0,0,1,150,0,0,1,542,0,6,9,1,2,194,16,57,61,62,0
128-09,12523,165,221,382,141,265,416,1107,3246,1858,3227,4233,5276,6910,9386,12124,12007,7054,9007,1770,552,168,142,255,47,3,665,9,4381,174,7,29,0,6,1970,363,12,1,0,0,0,0,12990,0,0,1,0,8,0,99,1,1562,0,0,0,0,2,0,0,241,15,0,0,0,0,0,0,0,0,0,2942,0,2,0,0,0,0,12,0,0,0,0,0,0,0,1,0,0,0,0,0,0,0,284,0,0,0,0,0,109,0,0,0,43,6,0,3435,0,0,0,0,0,546,5526,0,0,3107,0,0,43,1332,0,22427,10566,3,0,0,18077,0,1,59,18333,0,0,5402,38858,0,4,138,12331,33,18,445,17688,23,2740,9713,1467,52,0,2481,7,34,15,2449,872,151,1163,31,147,1,338,269,20,16,0,2,5,1,0,1338,0,2,8,0,31,5,82,239,0,0,6,0,0,12,0,0,202,33,0,0,2,0,0,0,2,1,0,855,0,10,0,0,0,0,88,0,3,1,0,0,0,18,0,0,1,2,0,0,0,0,340,0,0,1,0,77,0,0,0,0,12,0,3150,0,1,0,0,0,10,311,1,0,3,963,0,8,22,5,7,301,25,82,71,80,0
128-10,11627,80,125,209,88,193,194,754,2376,905,1418,2374,2723,4005,5546,8063,10454,7822,14163,5800,4440,2124,617,501,125,8,997,8,4182,304,11,81,0,1,2515,601,25,3,0,0,2,0,11983,0,0,4,0,7,2,249,2,2422,0,0,0,0,1,0,0,621,28,0,0,0,0,0,0,0,0,0,4743,0,1,0,0,0,0,68,0,0,0,0,0,0,0,5,0,0,0,0,0,0,0,559,0,0,0,0,0,101,0,0,0,14,7,0,3781,0,0,0,0,0,93,974,0,0,891,0,0,98,382,0,1047,891,330,54,0,9777,0,218,7913,6905,7,2,30101,29713,4,56,27051,1506,20595,3674,12304,7063,1228,182,2671,5689,3183,2,668,15,899,39,120,1142,82,91,85,37,0,505,237,22,9,0,0,0,0,0,2498,0,1,2,0,54,3,199,750,0,0,4,2,0,8,0,0,255,61,0,0,0,0,0,0,1,0,0,827,0,8,0,0,1,0,41,0,0,0,0,0,0,5,0,0,0,0,0,0,0,0,145,0,0,0,1,20,0,0,0,0,4,1,2501,0,2,1,0,0,3,157,2,0,1,548,0,2,7,3,16,203,29,79,86,52,0
128-11,9441,125,184,258,103,159,286,988,2706,836,2027,3056,4003,6006,8563,10661,10276,6605,10253,3292,2297,829,309,373,50,0,892,1,5628,344,17,90,0,13,3151,556,24,5,3,0,6,0,16039,0,0,4,0,10,0,172,6,3026,0,0,0,0,1,0,0,412,15,0,0,0,0,0,0,0,0,0,2873,0,0,0,0,0,0,26,0,0,0,0,0,0,0,2,0,0,0,0,0,0,0,349,0,0,0,0,0,122,0,0,0,34,13,0,2036,0,0,0,0,0,932,7873,0,0,3090,0,0,28,956,0,33284,11083,0,0,0,25266,0,0,12,8213,0,0,1038,35600,0,0,43,4481,5,1,146,26791,2,6309,7504,334,36,0,933,1,23,1,4348,744,51,734,16,61,1,630,677,13,3,0,0,0,0,0,1092,0,3,1,1,36,5,115,183,1,0,5,1,0,8,0,1,130,38,0,0,1,0,0,0,4,0,1,617,0,15,0,0,2,0,42,0,0,0,0,0,0,11,0,0,1,1,0,0,0,0,187,0,0,0,1,37,0,0,0,1,12,0,2464,0,1,1,0,0,7,162,0,0,0,683,0,9,7,3,9,194,33,108,84,63,0
128-12,12501,139,289,339,247,284,334,1485,2308,1680,2674,3130,3778,4844,6652,8237,10838,7420,12205,4608,2817,1112,423,374,113,49,773,44,4055,236,30,83,0,10,2211,432,51,10,0,0,7,0,13072,0,0,1,0,8,0,114,2,2075,0,0,0,0,3,0,0,499,16,0,0,0,0,0,0,0,0,0,4726,0,0,0,0,0,0,37,0,0,0,0,0,0,0,4,0,0,0,0,0,0,0,331,0,0,0,0,0,57,0,0,0,9,5,0,4060,0,0,0,0,0,169,946,0,0,652,0,0,225,1138,0,2741,2636,384,0,0,18208,0,2,9545,14333,0,0,59094,10600,0,0,11727,9870,391,36,15468,1410,32,278,3902,7559,223,0,4102,0,190,6,229,722,742,329,90,134,0,289,134,38,9,0,2,0,0,0,1795,0,0,4,0,37,5,127,397,0,0,2,0,0,13,0,0,192,55,0,0,0,1,0,0,4,0,0,602,0,2,0,0,0,0,33,0,2,0,0,0,0,4,0,0,0,2,0,0,1,0,130,0,0,0,0,29,0,0,0,0,11,1,2184,0,4,0,0,0,7,153,0,0,4,484,0,8,16,2,7,150,27,104,86,89,0
128-13,29959,16,48,37,36,122,67,286,1616,147,289,781,572,1197,1770,3009,4459,2644,9446,4122,7309,7146,5515,5550,4202,2260,2772,1160,8408,1747,377,789,1,67,5007,2127,266,41,10,1,27,0,45489,0,10,52,3,708,35,2317,277,9651,1,76,189,0,314,0,0,9340,1214,8,0,72,0,3,0,67,3,0,43570,0,297,8,1,0,0,3218,0,35,0,1,0,0,0,392,0,0,0,0,0,0,0,12697,0,0,0,0,0,1089,0,0,0,43,2,0,30946,0,0,0,0,0,0,741,0,0,8267,0,0,0,0,0,8,2,0,0,0,78,0,0,0,0,0,0,0,920,0,0,0,0,0,0,0,14,0,62,2,0,0,0,1,0,0,0,7,3847,0,0,0,0,0,257,17,0,0,0,0,0,0,0,4760,0,0,0,0,2,0,37,497,0,0,0,0,0,1,0,0,295,18,0,0,0,0,0,0,0,0,0,2136,0,4,0,0,0,0,74,0,0,0,0,0,0,6,0,0,0,0,0,0,0,0,412,0,0,0,0,24,0,0,0,0,3,0,6099,0,0,0,0,0,0,79,0,0,0,966,0,1,3,0,1,18,2,5,1,0,0
128-14,96262,0,0,131,0,0,4,18,8912,0,0,57,0,0,0,2255,0,0,2515,1,0,6,0,4,0,0,48,0,23835,0,0,1,0,0,1329,21,0,0,0,0,0,0,28839,0,0,0,0,1,0,51,0,1407,0,9,0,0,1,0,0,1638,70,0,0,2,0,0,0,0,0,0,16716,0,23,0,0,0,0,715,0,5,0,0,0,0,0,533,0,0,0,0,0,0,0,6376,0,0,0,0,0,985,0,0,0,85,5,0,42501,0,0,0,0,0,9,2504,0,0,13734,0,0,0,1,0,116,10,0,0,0,1029,0,0,0,0,0,0,0,5661,0,0,0,0,0,0,0,119,0,541,2,0,0,0,0,0,0,0,26,13629,0,0,0,0,0,1228,34,0,0,0,0,0,0,0,12876,0,0,0,0,1,0,38,1159,0,0,0,0,0,0,0,0,343,11,0,0,0,0,0,0,0,0,0,3591,0,2,0,0,0,0,42,0,0,0,0,0,0,0,0,0,0,0,0,0,0,0,363,0,0,0,0,16,0,0,0,0,0,0,13028,0,0,0,0,0,2,99,0,0,0,953,0,1,6,0,0,665,0,0,0,0,0
